=== REANUDANDO DNC 5-FOLD (documentacion, sin agrupar) Wed Aug 26 08:39:07 -05 2026 ===
--- vit_base_patch16_224 fold 3 ---
[vit_base_patch16_224] fold 3/5  train=5440 val=960 test=1600  class_counts_train=[2720, 2720]  device=mps
  epoch   1/30  val_F1=71.29  best=71.29  pat=0  (417s)
  epoch   2/30  val_F1=84.79  best=84.79  pat=0  (825s)
/Users/miguelsumaran/Library/Python/3.9/lib/python/site-packages/torch/optim/lr_scheduler.py:209: UserWarning: The epoch parameter in `scheduler.step()` was not necessary and is being deprecated where possible. Please use `scheduler.step()` to step the scheduler. During the deprecation, if epoch is different from None, the closed form is used instead of the new chainable form, where available. Please open an issue if you are unable to replicate your use case: https://github.com/pytorch/pytorch/issues/new/choose.
  warnings.warn(EPOCH_DEPRECATION_WARNING, UserWarning)
  epoch   3/30  val_F1=81.84  best=84.79  pat=1  (1228s)
  epoch   4/30  val_F1=78.01  best=84.79  pat=2  (1635s)
  epoch   5/30  val_F1=87.79  best=87.79  pat=0  (2043s)
  epoch   6/30  val_F1=91.24  best=91.24  pat=0  (2451s)
  epoch   7/30  val_F1=92.08  best=92.08  pat=0  (2858s)
  epoch   8/30  val_F1=92.48  best=92.48  pat=0  (3265s)
  epoch   9/30  val_F1=93.64  best=93.64  pat=0  (3673s)
  epoch  10/30  val_F1=95.21  best=95.21  pat=0  (4081s)
  epoch  11/30  val_F1=94.79  best=95.21  pat=1  (4488s)
  epoch  12/30  val_F1=95.21  best=95.21  pat=0  (4895s)
  epoch  13/30  val_F1=93.85  best=95.21  pat=1  (5302s)
  epoch  14/30  val_F1=95.31  best=95.31  pat=0  (5710s)
  epoch  15/30  val_F1=95.73  best=95.73  pat=0  (6118s)
  epoch  16/30  val_F1=94.26  best=95.73  pat=1  (6525s)
  epoch  17/30  val_F1=96.46  best=96.46  pat=0  (6932s)
  epoch  18/30  val_F1=96.25  best=96.46  pat=1  (7339s)
  epoch  19/30  val_F1=95.21  best=96.46  pat=2  (7747s)
  epoch  20/30  val_F1=95.42  best=96.46  pat=3  (8154s)
  epoch  21/30  val_F1=96.77  best=96.77  pat=0  (8561s)
  epoch  22/30  val_F1=95.94  best=96.77  pat=1  (8968s)
  epoch  23/30  val_F1=96.56  best=96.77  pat=2  (9375s)
  epoch  24/30  val_F1=97.29  best=97.29  pat=0  (9782s)
  epoch  25/30  val_F1=95.73  best=97.29  pat=1  (10189s)
  epoch  26/30  val_F1=96.35  best=97.29  pat=2  (10596s)
  epoch  27/30  val_F1=96.35  best=97.29  pat=3  (11003s)
  epoch  28/30  val_F1=96.15  best=97.29  pat=4  (11410s)
  epoch  29/30  val_F1=96.25  best=97.29  pat=5  (11817s)
  epoch  30/30  val_F1=96.15  best=97.29  pat=6  (12224s)

vit_base_patch16_224 fold 3/5 TEST -> f1=96.94 acc=96.94
Guardado en results_freshness_v3/fullmetrics_dnc_vit_base_patch16_224_fullfinetune_fold3.csv  (total 12260s)
--- vit_base_patch16_224 fold 4 ---
[vit_base_patch16_224] fold 4/5  train=5440 val=960 test=1600  class_counts_train=[2720, 2720]  device=mps
Warning: You are sending unauthenticated requests to the HF Hub. Please set a HF_TOKEN to enable higher rate limits and faster downloads.
  epoch   1/30  val_F1=69.10  best=69.10  pat=0  (417s)
  epoch   2/30  val_F1=81.73  best=81.73  pat=0  (826s)
/Users/miguelsumaran/Library/Python/3.9/lib/python/site-packages/torch/optim/lr_scheduler.py:209: UserWarning: The epoch parameter in `scheduler.step()` was not necessary and is being deprecated where possible. Please use `scheduler.step()` to step the scheduler. During the deprecation, if epoch is different from None, the closed form is used instead of the new chainable form, where available. Please open an issue if you are unable to replicate your use case: https://github.com/pytorch/pytorch/issues/new/choose.
  warnings.warn(EPOCH_DEPRECATION_WARNING, UserWarning)
  epoch   3/30  val_F1=85.00  best=85.00  pat=0  (1233s)
  epoch   4/30  val_F1=71.10  best=85.00  pat=1  (1640s)
  epoch   5/30  val_F1=78.58  best=85.00  pat=2  (2047s)
  epoch   6/30  val_F1=91.45  best=91.45  pat=0  (2455s)
  epoch   7/30  val_F1=91.32  best=91.45  pat=1  (2862s)
  epoch   8/30  val_F1=95.00  best=95.00  pat=0  (3269s)
  epoch   9/30  val_F1=94.58  best=95.00  pat=1  (3676s)
  epoch  10/30  val_F1=96.56  best=96.56  pat=0  (4083s)
  epoch  11/30  val_F1=92.70  best=96.56  pat=1  (4490s)
  epoch  12/30  val_F1=96.35  best=96.56  pat=2  (4897s)
  epoch  13/30  val_F1=95.31  best=96.56  pat=3  (5304s)
  epoch  14/30  val_F1=94.79  best=96.56  pat=4  (5711s)
  epoch  15/30  val_F1=95.83  best=96.56  pat=5  (6118s)
  epoch  16/30  val_F1=95.52  best=96.56  pat=6  (6525s)
  epoch  17/30  val_F1=97.29  best=97.29  pat=0  (6932s)
  epoch  18/30  val_F1=96.87  best=97.29  pat=1  (7339s)
  epoch  19/30  val_F1=96.67  best=97.29  pat=2  (7746s)
  epoch  20/30  val_F1=97.40  best=97.40  pat=0  (8153s)
  epoch  21/30  val_F1=97.60  best=97.60  pat=0  (8561s)
  epoch  22/30  val_F1=97.71  best=97.71  pat=0  (8968s)
  epoch  23/30  val_F1=98.12  best=98.12  pat=0  (9376s)
  epoch  24/30  val_F1=97.81  best=98.12  pat=1  (9783s)
  epoch  25/30  val_F1=97.71  best=98.12  pat=2  (10190s)
  epoch  26/30  val_F1=97.71  best=98.12  pat=3  (10597s)
  epoch  27/30  val_F1=97.60  best=98.12  pat=4  (11003s)
  epoch  28/30  val_F1=97.60  best=98.12  pat=5  (11410s)
  epoch  29/30  val_F1=97.50  best=98.12  pat=6  (11817s)
  epoch  30/30  val_F1=97.60  best=98.12  pat=7  (12224s)
  Early stop at epoch 30

vit_base_patch16_224 fold 4/5 TEST -> f1=96.87 acc=96.87
Guardado en results_freshness_v3/fullmetrics_dnc_vit_base_patch16_224_fullfinetune_fold4.csv  (total 12260s)
--- vit_base_patch16_224 fold 5 ---
[vit_base_patch16_224] fold 5/5  train=5440 val=960 test=1600  class_counts_train=[2720, 2720]  device=mps
  epoch   1/30  val_F1=72.02  best=72.02  pat=0  (417s)
  epoch   2/30  val_F1=82.70  best=82.70  pat=0  (824s)
/Users/miguelsumaran/Library/Python/3.9/lib/python/site-packages/torch/optim/lr_scheduler.py:209: UserWarning: The epoch parameter in `scheduler.step()` was not necessary and is being deprecated where possible. Please use `scheduler.step()` to step the scheduler. During the deprecation, if epoch is different from None, the closed form is used instead of the new chainable form, where available. Please open an issue if you are unable to replicate your use case: https://github.com/pytorch/pytorch/issues/new/choose.
  warnings.warn(EPOCH_DEPRECATION_WARNING, UserWarning)
  epoch   3/30  val_F1=86.00  best=86.00  pat=0  (1232s)
  epoch   4/30  val_F1=85.83  best=86.00  pat=1  (1639s)
  epoch   5/30  val_F1=88.32  best=88.32  pat=0  (2047s)
  epoch   6/30  val_F1=88.73  best=88.73  pat=0  (2454s)
  epoch   7/30  val_F1=90.37  best=90.37  pat=0  (2861s)
  epoch   8/30  val_F1=94.27  best=94.27  pat=0  (3269s)
  epoch   9/30  val_F1=91.97  best=94.27  pat=1  (3676s)
  epoch  10/30  val_F1=94.16  best=94.27  pat=2  (4083s)
  epoch  11/30  val_F1=93.33  best=94.27  pat=3  (4490s)
  epoch  12/30  val_F1=91.64  best=94.27  pat=4  (4897s)
  epoch  13/30  val_F1=93.54  best=94.27  pat=5  (5304s)
  epoch  14/30  val_F1=95.21  best=95.21  pat=0  (5711s)
  epoch  15/30  val_F1=93.01  best=95.21  pat=1  (6118s)
  epoch  16/30  val_F1=95.73  best=95.73  pat=0  (6525s)
  epoch  17/30  val_F1=94.79  best=95.73  pat=1  (6933s)
  epoch  18/30  val_F1=95.62  best=95.73  pat=2  (7339s)
  epoch  19/30  val_F1=96.04  best=96.04  pat=0  (7747s)
  epoch  20/30  val_F1=95.62  best=96.04  pat=1  (8154s)
  epoch  21/30  val_F1=96.04  best=96.04  pat=2  (8557s)
  epoch  22/30  val_F1=96.35  best=96.35  pat=0  (8965s)
  epoch  23/30  val_F1=96.98  best=96.98  pat=0  (9372s)
  epoch  24/30  val_F1=96.87  best=96.98  pat=1  (9779s)
  epoch  25/30  val_F1=96.46  best=96.98  pat=2  (10187s)
  epoch  26/30  val_F1=96.98  best=96.98  pat=3  (10594s)
  epoch  27/30  val_F1=96.35  best=96.98  pat=4  (11001s)
  epoch  28/30  val_F1=96.77  best=96.98  pat=5  (11408s)
  epoch  29/30  val_F1=96.87  best=96.98  pat=6  (11815s)
  epoch  30/30  val_F1=96.77  best=96.98  pat=7  (12222s)
  Early stop at epoch 30

vit_base_patch16_224 fold 5/5 TEST -> f1=97.12 acc=97.12
Guardado en results_freshness_v3/fullmetrics_dnc_vit_base_patch16_224_fullfinetune_fold5.csv  (total 12257s)
--- efficientnet_b0 fold 1 ---
[efficientnet_b0] fold 1/5  train=5440 val=960 test=1600  class_counts_train=[2720, 2720]  device=mps
Warning: You are sending unauthenticated requests to the HF Hub. Please set a HF_TOKEN to enable higher rate limits and faster downloads.
  epoch   1/30  val_F1=56.53  best=56.53  pat=0  (118s)
  epoch   2/30  val_F1=68.44  best=68.44  pat=0  (226s)
/Users/miguelsumaran/Library/Python/3.9/lib/python/site-packages/torch/optim/lr_scheduler.py:209: UserWarning: The epoch parameter in `scheduler.step()` was not necessary and is being deprecated where possible. Please use `scheduler.step()` to step the scheduler. During the deprecation, if epoch is different from None, the closed form is used instead of the new chainable form, where available. Please open an issue if you are unable to replicate your use case: https://github.com/pytorch/pytorch/issues/new/choose.
  warnings.warn(EPOCH_DEPRECATION_WARNING, UserWarning)
  epoch   3/30  val_F1=70.81  best=70.81  pat=0  (335s)
  epoch   4/30  val_F1=71.93  best=71.93  pat=0  (443s)
  epoch   5/30  val_F1=77.80  best=77.80  pat=0  (551s)
  epoch   6/30  val_F1=77.78  best=77.80  pat=1  (660s)
  epoch   7/30  val_F1=79.99  best=79.99  pat=0  (769s)
  epoch   8/30  val_F1=82.06  best=82.06  pat=0  (877s)
  epoch   9/30  val_F1=82.85  best=82.85  pat=0  (986s)
  epoch  10/30  val_F1=84.04  best=84.04  pat=0  (1094s)
  epoch  11/30  val_F1=86.55  best=86.55  pat=0  (1203s)
  epoch  12/30  val_F1=85.30  best=86.55  pat=1  (1312s)
  epoch  13/30  val_F1=86.64  best=86.64  pat=0  (1421s)
  epoch  14/30  val_F1=87.29  best=87.29  pat=0  (1530s)
  epoch  15/30  val_F1=89.27  best=89.27  pat=0  (1638s)
  epoch  16/30  val_F1=90.62  best=90.62  pat=0  (1747s)
  epoch  17/30  val_F1=91.04  best=91.04  pat=0  (1856s)
  epoch  18/30  val_F1=92.08  best=92.08  pat=0  (1965s)
  epoch  19/30  val_F1=92.40  best=92.40  pat=0  (2074s)
  epoch  20/30  val_F1=91.98  best=92.40  pat=1  (2182s)
  epoch  21/30  val_F1=92.81  best=92.81  pat=0  (2291s)
  epoch  22/30  val_F1=93.64  best=93.64  pat=0  (2399s)
  epoch  23/30  val_F1=93.65  best=93.65  pat=0  (2508s)
  epoch  24/30  val_F1=93.85  best=93.85  pat=0  (2617s)
  epoch  25/30  val_F1=94.06  best=94.06  pat=0  (2726s)
  epoch  26/30  val_F1=94.16  best=94.16  pat=0  (2834s)
  epoch  27/30  val_F1=93.85  best=94.16  pat=1  (2943s)
  epoch  28/30  val_F1=94.37  best=94.37  pat=0  (3051s)
  epoch  29/30  val_F1=93.54  best=94.37  pat=1  (3160s)
  epoch  30/30  val_F1=93.96  best=94.37  pat=2  (3269s)

efficientnet_b0 fold 1/5 TEST -> f1=95.06 acc=95.06
Guardado en results_freshness_v3/fullmetrics_dnc_efficientnet_b0_fullfinetune_fold1.csv  (total 3280s)
--- efficientnet_b0 fold 2 ---
[efficientnet_b0] fold 2/5  train=5440 val=960 test=1600  class_counts_train=[2720, 2720]  device=mps
Warning: You are sending unauthenticated requests to the HF Hub. Please set a HF_TOKEN to enable higher rate limits and faster downloads.
  epoch   1/30  val_F1=58.62  best=58.62  pat=0  (117s)
  epoch   2/30  val_F1=66.14  best=66.14  pat=0  (226s)
/Users/miguelsumaran/Library/Python/3.9/lib/python/site-packages/torch/optim/lr_scheduler.py:209: UserWarning: The epoch parameter in `scheduler.step()` was not necessary and is being deprecated where possible. Please use `scheduler.step()` to step the scheduler. During the deprecation, if epoch is different from None, the closed form is used instead of the new chainable form, where available. Please open an issue if you are unable to replicate your use case: https://github.com/pytorch/pytorch/issues/new/choose.
  warnings.warn(EPOCH_DEPRECATION_WARNING, UserWarning)
  epoch   3/30  val_F1=70.75  best=70.75  pat=0  (335s)
  epoch   4/30  val_F1=74.90  best=74.90  pat=0  (444s)
  epoch   5/30  val_F1=78.74  best=78.74  pat=0  (552s)
  epoch   6/30  val_F1=79.02  best=79.02  pat=0  (661s)
  epoch   7/30  val_F1=82.24  best=82.24  pat=0  (769s)
  epoch   8/30  val_F1=84.12  best=84.12  pat=0  (878s)
  epoch   9/30  val_F1=85.39  best=85.39  pat=0  (986s)
  epoch  10/30  val_F1=85.31  best=85.39  pat=1  (1095s)
  epoch  11/30  val_F1=89.06  best=89.06  pat=0  (1204s)
  epoch  12/30  val_F1=88.33  best=89.06  pat=1  (1312s)
  epoch  13/30  val_F1=90.20  best=90.20  pat=0  (1421s)
  epoch  14/30  val_F1=88.85  best=90.20  pat=1  (1529s)
  epoch  15/30  val_F1=92.92  best=92.92  pat=0  (1638s)
  epoch  16/30  val_F1=93.12  best=93.12  pat=0  (1746s)
  epoch  17/30  val_F1=93.32  best=93.32  pat=0  (1855s)
  epoch  18/30  val_F1=93.96  best=93.96  pat=0  (1964s)
  epoch  19/30  val_F1=93.11  best=93.96  pat=1  (2072s)
  epoch  20/30  val_F1=94.17  best=94.17  pat=0  (2181s)
  epoch  21/30  val_F1=94.37  best=94.37  pat=0  (2291s)
  epoch  22/30  val_F1=94.48  best=94.48  pat=0  (2402s)
  epoch  23/30  val_F1=93.95  best=94.48  pat=1  (2511s)
  epoch  24/30  val_F1=94.69  best=94.69  pat=0  (2619s)
  epoch  25/30  val_F1=95.10  best=95.10  pat=0  (2728s)
  epoch  26/30  val_F1=94.90  best=95.10  pat=1  (2836s)
  epoch  27/30  val_F1=94.69  best=95.10  pat=2  (2945s)
  epoch  28/30  val_F1=94.79  best=95.10  pat=3  (3054s)
  epoch  29/30  val_F1=95.31  best=95.31  pat=0  (3162s)
  epoch  30/30  val_F1=94.89  best=95.31  pat=1  (3271s)

efficientnet_b0 fold 2/5 TEST -> f1=93.50 acc=93.50
Guardado en results_freshness_v3/fullmetrics_dnc_efficientnet_b0_fullfinetune_fold2.csv  (total 3283s)
--- efficientnet_b0 fold 3 ---
[efficientnet_b0] fold 3/5  train=5440 val=960 test=1600  class_counts_train=[2720, 2720]  device=mps
Warning: You are sending unauthenticated requests to the HF Hub. Please set a HF_TOKEN to enable higher rate limits and faster downloads.
  epoch   1/30  val_F1=56.21  best=56.21  pat=0  (117s)
  epoch   2/30  val_F1=65.74  best=65.74  pat=0  (225s)
/Users/miguelsumaran/Library/Python/3.9/lib/python/site-packages/torch/optim/lr_scheduler.py:209: UserWarning: The epoch parameter in `scheduler.step()` was not necessary and is being deprecated where possible. Please use `scheduler.step()` to step the scheduler. During the deprecation, if epoch is different from None, the closed form is used instead of the new chainable form, where available. Please open an issue if you are unable to replicate your use case: https://github.com/pytorch/pytorch/issues/new/choose.
  warnings.warn(EPOCH_DEPRECATION_WARNING, UserWarning)
  epoch   3/30  val_F1=71.45  best=71.45  pat=0  (334s)
  epoch   4/30  val_F1=77.07  best=77.07  pat=0  (443s)
  epoch   5/30  val_F1=77.99  best=77.99  pat=0  (551s)
  epoch   6/30  val_F1=79.60  best=79.60  pat=0  (660s)
  epoch   7/30  val_F1=83.85  best=83.85  pat=0  (768s)
  epoch   8/30  val_F1=85.49  best=85.49  pat=0  (878s)
  epoch   9/30  val_F1=86.14  best=86.14  pat=0  (986s)
  epoch  10/30  val_F1=83.87  best=86.14  pat=1  (1095s)
  epoch  11/30  val_F1=89.37  best=89.37  pat=0  (1204s)
  epoch  12/30  val_F1=88.96  best=89.37  pat=1  (1313s)
  epoch  13/30  val_F1=90.21  best=90.21  pat=0  (1421s)
  epoch  14/30  val_F1=89.26  best=90.21  pat=1  (1530s)
  epoch  15/30  val_F1=92.19  best=92.19  pat=0  (1639s)
  epoch  16/30  val_F1=92.71  best=92.71  pat=0  (1747s)
  epoch  17/30  val_F1=93.02  best=93.02  pat=0  (1856s)
  epoch  18/30  val_F1=92.29  best=93.02  pat=1  (1964s)
  epoch  19/30  val_F1=93.33  best=93.33  pat=0  (2073s)
  epoch  20/30  val_F1=93.02  best=93.33  pat=1  (2182s)
  epoch  21/30  val_F1=93.01  best=93.33  pat=2  (2290s)
  epoch  22/30  val_F1=94.58  best=94.58  pat=0  (2399s)
  epoch  23/30  val_F1=94.16  best=94.58  pat=1  (2507s)
  epoch  24/30  val_F1=94.27  best=94.58  pat=2  (2616s)
  epoch  25/30  val_F1=94.48  best=94.58  pat=3  (2725s)
  epoch  26/30  val_F1=94.37  best=94.58  pat=4  (2834s)
  epoch  27/30  val_F1=94.17  best=94.58  pat=5  (2942s)
  epoch  28/30  val_F1=94.48  best=94.58  pat=6  (3051s)
  epoch  29/30  val_F1=94.79  best=94.79  pat=0  (3160s)
  epoch  30/30  val_F1=94.48  best=94.79  pat=1  (3268s)

efficientnet_b0 fold 3/5 TEST -> f1=93.94 acc=93.94
Guardado en results_freshness_v3/fullmetrics_dnc_efficientnet_b0_fullfinetune_fold3.csv  (total 3280s)
--- efficientnet_b0 fold 4 ---
[efficientnet_b0] fold 4/5  train=5440 val=960 test=1600  class_counts_train=[2720, 2720]  device=mps
  epoch   1/30  val_F1=55.30  best=55.30  pat=0  (117s)
  epoch   2/30  val_F1=66.35  best=66.35  pat=0  (225s)
/Users/miguelsumaran/Library/Python/3.9/lib/python/site-packages/torch/optim/lr_scheduler.py:209: UserWarning: The epoch parameter in `scheduler.step()` was not necessary and is being deprecated where possible. Please use `scheduler.step()` to step the scheduler. During the deprecation, if epoch is different from None, the closed form is used instead of the new chainable form, where available. Please open an issue if you are unable to replicate your use case: https://github.com/pytorch/pytorch/issues/new/choose.
  warnings.warn(EPOCH_DEPRECATION_WARNING, UserWarning)
  epoch   3/30  val_F1=71.02  best=71.02  pat=0  (334s)
  epoch   4/30  val_F1=72.98  best=72.98  pat=0  (442s)
  epoch   5/30  val_F1=78.09  best=78.09  pat=0  (551s)
  epoch   6/30  val_F1=74.66  best=78.09  pat=1  (659s)
  epoch   7/30  val_F1=80.82  best=80.82  pat=0  (767s)
  epoch   8/30  val_F1=79.94  best=80.82  pat=1  (876s)
  epoch   9/30  val_F1=84.79  best=84.79  pat=0  (984s)
  epoch  10/30  val_F1=86.34  best=86.34  pat=0  (1093s)
  epoch  11/30  val_F1=88.12  best=88.12  pat=0  (1201s)
  epoch  12/30  val_F1=87.60  best=88.12  pat=1  (1310s)
  epoch  13/30  val_F1=89.06  best=89.06  pat=0  (1419s)
  epoch  14/30  val_F1=89.48  best=89.48  pat=0  (1527s)
  epoch  15/30  val_F1=90.31  best=90.31  pat=0  (1636s)
  epoch  16/30  val_F1=90.62  best=90.62  pat=0  (1744s)
  epoch  17/30  val_F1=92.39  best=92.39  pat=0  (1853s)
  epoch  18/30  val_F1=92.18  best=92.39  pat=1  (1962s)
  epoch  19/30  val_F1=92.81  best=92.81  pat=0  (2070s)
  epoch  20/30  val_F1=92.81  best=92.81  pat=1  (2179s)
  epoch  21/30  val_F1=93.33  best=93.33  pat=0  (2288s)
  epoch  22/30  val_F1=94.27  best=94.27  pat=0  (2396s)
  epoch  23/30  val_F1=94.48  best=94.48  pat=0  (2505s)
  epoch  24/30  val_F1=94.58  best=94.58  pat=0  (2614s)
  epoch  25/30  val_F1=94.27  best=94.58  pat=1  (2722s)
  epoch  26/30  val_F1=94.90  best=94.90  pat=0  (2831s)
  epoch  27/30  val_F1=94.79  best=94.90  pat=1  (2940s)
  epoch  28/30  val_F1=93.75  best=94.90  pat=2  (3048s)
  epoch  29/30  val_F1=94.79  best=94.90  pat=3  (3158s)
  epoch  30/30  val_F1=94.58  best=94.90  pat=4  (3266s)

efficientnet_b0 fold 4/5 TEST -> f1=94.50 acc=94.50
Guardado en results_freshness_v3/fullmetrics_dnc_efficientnet_b0_fullfinetune_fold4.csv  (total 3278s)
--- efficientnet_b0 fold 5 ---
[efficientnet_b0] fold 5/5  train=5440 val=960 test=1600  class_counts_train=[2720, 2720]  device=mps
  epoch   1/30  val_F1=58.06  best=58.06  pat=0  (117s)
  epoch   2/30  val_F1=67.45  best=67.45  pat=0  (225s)
/Users/miguelsumaran/Library/Python/3.9/lib/python/site-packages/torch/optim/lr_scheduler.py:209: UserWarning: The epoch parameter in `scheduler.step()` was not necessary and is being deprecated where possible. Please use `scheduler.step()` to step the scheduler. During the deprecation, if epoch is different from None, the closed form is used instead of the new chainable form, where available. Please open an issue if you are unable to replicate your use case: https://github.com/pytorch/pytorch/issues/new/choose.
  warnings.warn(EPOCH_DEPRECATION_WARNING, UserWarning)
  epoch   3/30  val_F1=72.46  best=72.46  pat=0  (334s)
  epoch   4/30  val_F1=74.16  best=74.16  pat=0  (442s)
  epoch   5/30  val_F1=78.91  best=78.91  pat=0  (551s)
  epoch   6/30  val_F1=81.76  best=81.76  pat=0  (659s)
  epoch   7/30  val_F1=83.01  best=83.01  pat=0  (768s)
  epoch   8/30  val_F1=81.15  best=83.01  pat=1  (876s)
  epoch   9/30  val_F1=85.08  best=85.08  pat=0  (985s)
  epoch  10/30  val_F1=84.77  best=85.08  pat=1  (1093s)
  epoch  11/30  val_F1=89.06  best=89.06  pat=0  (1202s)
  epoch  12/30  val_F1=89.47  best=89.47  pat=0  (1311s)
  epoch  13/30  val_F1=89.37  best=89.47  pat=1  (1419s)
  epoch  14/30  val_F1=90.83  best=90.83  pat=0  (1528s)
  epoch  15/30  val_F1=90.31  best=90.83  pat=1  (1637s)
  epoch  16/30  val_F1=91.15  best=91.15  pat=0  (1746s)
  epoch  17/30  val_F1=92.92  best=92.92  pat=0  (1854s)
  epoch  18/30  val_F1=93.33  best=93.33  pat=0  (1963s)
  epoch  19/30  val_F1=93.12  best=93.33  pat=1  (2072s)
  epoch  20/30  val_F1=94.48  best=94.48  pat=0  (2180s)
  epoch  21/30  val_F1=94.27  best=94.48  pat=1  (2289s)
  epoch  22/30  val_F1=95.21  best=95.21  pat=0  (2398s)
  epoch  23/30  val_F1=95.52  best=95.52  pat=0  (2506s)
  epoch  24/30  val_F1=95.31  best=95.52  pat=1  (2615s)
  epoch  25/30  val_F1=95.10  best=95.52  pat=2  (2723s)
  epoch  26/30  val_F1=95.10  best=95.52  pat=3  (2832s)
  epoch  27/30  val_F1=95.10  best=95.52  pat=4  (2941s)
  epoch  28/30  val_F1=95.31  best=95.52  pat=5  (3049s)
  epoch  29/30  val_F1=95.31  best=95.52  pat=6  (3158s)
  epoch  30/30  val_F1=95.62  best=95.62  pat=0  (3267s)

efficientnet_b0 fold 5/5 TEST -> f1=94.37 acc=94.37
Guardado en results_freshness_v3/fullmetrics_dnc_efficientnet_b0_fullfinetune_fold5.csv  (total 3278s)
--- mobilenetv2_100 fold 1 ---
[mobilenetv2_100] fold 1/5  train=5440 val=960 test=1600  class_counts_train=[2720, 2720]  device=mps
Warning: You are sending unauthenticated requests to the HF Hub. Please set a HF_TOKEN to enable higher rate limits and faster downloads.
  epoch   1/30  val_F1=53.86  best=53.86  pat=0  (76s)
  epoch   2/30  val_F1=59.75  best=59.75  pat=0  (144s)
/Users/miguelsumaran/Library/Python/3.9/lib/python/site-packages/torch/optim/lr_scheduler.py:209: UserWarning: The epoch parameter in `scheduler.step()` was not necessary and is being deprecated where possible. Please use `scheduler.step()` to step the scheduler. During the deprecation, if epoch is different from None, the closed form is used instead of the new chainable form, where available. Please open an issue if you are unable to replicate your use case: https://github.com/pytorch/pytorch/issues/new/choose.
  warnings.warn(EPOCH_DEPRECATION_WARNING, UserWarning)
  epoch   3/30  val_F1=64.72  best=64.72  pat=0  (213s)
  epoch   4/30  val_F1=66.48  best=66.48  pat=0  (281s)
  epoch   5/30  val_F1=74.70  best=74.70  pat=0  (349s)
  epoch   6/30  val_F1=76.39  best=76.39  pat=0  (417s)
  epoch   7/30  val_F1=76.75  best=76.75  pat=0  (485s)
  epoch   8/30  val_F1=80.31  best=80.31  pat=0  (553s)
  epoch   9/30  val_F1=82.60  best=82.60  pat=0  (621s)
  epoch  10/30  val_F1=80.00  best=82.60  pat=1  (688s)
  epoch  11/30  val_F1=81.35  best=82.60  pat=2  (756s)
  epoch  12/30  val_F1=83.01  best=83.01  pat=0  (824s)
  epoch  13/30  val_F1=84.17  best=84.17  pat=0  (892s)
  epoch  14/30  val_F1=85.09  best=85.09  pat=0  (960s)
  epoch  15/30  val_F1=84.68  best=85.09  pat=1  (1029s)
  epoch  16/30  val_F1=86.14  best=86.14  pat=0  (1097s)
  epoch  17/30  val_F1=85.92  best=86.14  pat=1  (1165s)
  epoch  18/30  val_F1=84.58  best=86.14  pat=2  (1233s)
  epoch  19/30  val_F1=86.04  best=86.14  pat=3  (1301s)
  epoch  20/30  val_F1=87.60  best=87.60  pat=0  (1369s)
  epoch  21/30  val_F1=87.70  best=87.70  pat=0  (1438s)
  epoch  22/30  val_F1=89.06  best=89.06  pat=0  (1506s)
  epoch  23/30  val_F1=88.95  best=89.06  pat=1  (1574s)
  epoch  24/30  val_F1=88.12  best=89.06  pat=2  (1642s)
  epoch  25/30  val_F1=88.64  best=89.06  pat=3  (1710s)
  epoch  26/30  val_F1=89.06  best=89.06  pat=4  (1778s)
  epoch  27/30  val_F1=89.05  best=89.06  pat=5  (1846s)
  epoch  28/30  val_F1=89.16  best=89.16  pat=0  (1915s)
  epoch  29/30  val_F1=88.54  best=89.16  pat=1  (1983s)
  epoch  30/30  val_F1=88.63  best=89.16  pat=2  (2052s)

mobilenetv2_100 fold 1/5 TEST -> f1=89.18 acc=89.19
Guardado en results_freshness_v3/fullmetrics_dnc_mobilenetv2_100_fullfinetune_fold1.csv  (total 2062s)
--- mobilenetv2_100 fold 2 ---
[mobilenetv2_100] fold 2/5  train=5440 val=960 test=1600  class_counts_train=[2720, 2720]  device=mps
Warning: You are sending unauthenticated requests to the HF Hub. Please set a HF_TOKEN to enable higher rate limits and faster downloads.
  epoch   1/30  val_F1=53.02  best=53.02  pat=0  (76s)
  epoch   2/30  val_F1=60.62  best=60.62  pat=0  (144s)
/Users/miguelsumaran/Library/Python/3.9/lib/python/site-packages/torch/optim/lr_scheduler.py:209: UserWarning: The epoch parameter in `scheduler.step()` was not necessary and is being deprecated where possible. Please use `scheduler.step()` to step the scheduler. During the deprecation, if epoch is different from None, the closed form is used instead of the new chainable form, where available. Please open an issue if you are unable to replicate your use case: https://github.com/pytorch/pytorch/issues/new/choose.
  warnings.warn(EPOCH_DEPRECATION_WARNING, UserWarning)
  epoch   3/30  val_F1=65.62  best=65.62  pat=0  (211s)
  epoch   4/30  val_F1=69.37  best=69.37  pat=0  (279s)
  epoch   5/30  val_F1=74.89  best=74.89  pat=0  (347s)
  epoch   6/30  val_F1=77.20  best=77.20  pat=0  (415s)
  epoch   7/30  val_F1=76.21  best=77.20  pat=1  (483s)
  epoch   8/30  val_F1=81.15  best=81.15  pat=0  (551s)
  epoch   9/30  val_F1=80.70  best=81.15  pat=1  (619s)
  epoch  10/30  val_F1=82.91  best=82.91  pat=0  (686s)
  epoch  11/30  val_F1=83.64  best=83.64  pat=0  (754s)
  epoch  12/30  val_F1=85.21  best=85.21  pat=0  (822s)
  epoch  13/30  val_F1=85.31  best=85.31  pat=0  (890s)
  epoch  14/30  val_F1=83.72  best=85.31  pat=1  (958s)
  epoch  15/30  val_F1=87.08  best=87.08  pat=0  (1026s)
  epoch  16/30  val_F1=86.13  best=87.08  pat=1  (1094s)
  epoch  17/30  val_F1=87.60  best=87.60  pat=0  (1162s)
  epoch  18/30  val_F1=87.19  best=87.60  pat=1  (1229s)
  epoch  19/30  val_F1=87.18  best=87.60  pat=2  (1297s)
  epoch  20/30  val_F1=88.12  best=88.12  pat=0  (1365s)
  epoch  21/30  val_F1=86.97  best=88.12  pat=1  (1433s)
  epoch  22/30  val_F1=88.85  best=88.85  pat=0  (1501s)
  epoch  23/30  val_F1=88.54  best=88.85  pat=1  (1569s)
  epoch  24/30  val_F1=88.44  best=88.85  pat=2  (1637s)
  epoch  25/30  val_F1=88.95  best=88.95  pat=0  (1705s)
  epoch  26/30  val_F1=89.48  best=89.48  pat=0  (1773s)
  epoch  27/30  val_F1=89.16  best=89.48  pat=1  (1842s)
  epoch  28/30  val_F1=88.85  best=89.48  pat=2  (1910s)
  epoch  29/30  val_F1=88.75  best=89.48  pat=3  (1978s)
  epoch  30/30  val_F1=89.27  best=89.48  pat=4  (2046s)

mobilenetv2_100 fold 2/5 TEST -> f1=88.94 acc=88.94
Guardado en results_freshness_v3/fullmetrics_dnc_mobilenetv2_100_fullfinetune_fold2.csv  (total 2056s)
--- mobilenetv2_100 fold 3 ---
[mobilenetv2_100] fold 3/5  train=5440 val=960 test=1600  class_counts_train=[2720, 2720]  device=mps
Warning: You are sending unauthenticated requests to the HF Hub. Please set a HF_TOKEN to enable higher rate limits and faster downloads.
  epoch   1/30  val_F1=52.50  best=52.50  pat=0  (76s)
  epoch   2/30  val_F1=58.70  best=58.70  pat=0  (144s)
/Users/miguelsumaran/Library/Python/3.9/lib/python/site-packages/torch/optim/lr_scheduler.py:209: UserWarning: The epoch parameter in `scheduler.step()` was not necessary and is being deprecated where possible. Please use `scheduler.step()` to step the scheduler. During the deprecation, if epoch is different from None, the closed form is used instead of the new chainable form, where available. Please open an issue if you are unable to replicate your use case: https://github.com/pytorch/pytorch/issues/new/choose.
  warnings.warn(EPOCH_DEPRECATION_WARNING, UserWarning)
  epoch   3/30  val_F1=67.92  best=67.92  pat=0  (211s)
  epoch   4/30  val_F1=70.07  best=70.07  pat=0  (279s)
  epoch   5/30  val_F1=71.87  best=71.87  pat=0  (347s)
  epoch   6/30  val_F1=76.54  best=76.54  pat=0  (415s)
  epoch   7/30  val_F1=78.42  best=78.42  pat=0  (483s)
  epoch   8/30  val_F1=80.07  best=80.07  pat=0  (551s)
  epoch   9/30  val_F1=81.34  best=81.34  pat=0  (619s)
  epoch  10/30  val_F1=82.69  best=82.69  pat=0  (687s)
  epoch  11/30  val_F1=84.66  best=84.66  pat=0  (755s)
  epoch  12/30  val_F1=83.64  best=84.66  pat=1  (823s)
  epoch  13/30  val_F1=83.92  best=84.66  pat=2  (891s)
  epoch  14/30  val_F1=85.39  best=85.39  pat=0  (959s)
  epoch  15/30  val_F1=84.95  best=85.39  pat=1  (1027s)
  epoch  16/30  val_F1=87.18  best=87.18  pat=0  (1094s)
  epoch  17/30  val_F1=88.11  best=88.11  pat=0  (1162s)
  epoch  18/30  val_F1=87.60  best=88.11  pat=1  (1230s)
  epoch  19/30  val_F1=87.70  best=88.11  pat=2  (1298s)
  epoch  20/30  val_F1=87.40  best=88.11  pat=3  (1366s)
  epoch  21/30  val_F1=87.90  best=88.11  pat=4  (1434s)
  epoch  22/30  val_F1=88.02  best=88.11  pat=5  (1502s)
  epoch  23/30  val_F1=88.75  best=88.75  pat=0  (1571s)
  epoch  24/30  val_F1=88.44  best=88.75  pat=1  (1639s)
  epoch  25/30  val_F1=88.84  best=88.84  pat=0  (1707s)
  epoch  26/30  val_F1=88.44  best=88.84  pat=1  (1775s)
  epoch  27/30  val_F1=88.74  best=88.84  pat=2  (1843s)
  epoch  28/30  val_F1=88.74  best=88.84  pat=3  (1911s)
  epoch  29/30  val_F1=89.48  best=89.48  pat=0  (1979s)
  epoch  30/30  val_F1=88.74  best=89.48  pat=1  (2048s)

mobilenetv2_100 fold 3/5 TEST -> f1=89.19 acc=89.19
Guardado en results_freshness_v3/fullmetrics_dnc_mobilenetv2_100_fullfinetune_fold3.csv  (total 2057s)
--- mobilenetv2_100 fold 4 ---
[mobilenetv2_100] fold 4/5  train=5440 val=960 test=1600  class_counts_train=[2720, 2720]  device=mps
Warning: You are sending unauthenticated requests to the HF Hub. Please set a HF_TOKEN to enable higher rate limits and faster downloads.
  epoch   1/30  val_F1=57.28  best=57.28  pat=0  (76s)
  epoch   2/30  val_F1=63.61  best=63.61  pat=0  (144s)
/Users/miguelsumaran/Library/Python/3.9/lib/python/site-packages/torch/optim/lr_scheduler.py:209: UserWarning: The epoch parameter in `scheduler.step()` was not necessary and is being deprecated where possible. Please use `scheduler.step()` to step the scheduler. During the deprecation, if epoch is different from None, the closed form is used instead of the new chainable form, where available. Please open an issue if you are unable to replicate your use case: https://github.com/pytorch/pytorch/issues/new/choose.
  warnings.warn(EPOCH_DEPRECATION_WARNING, UserWarning)
  epoch   3/30  val_F1=65.52  best=65.52  pat=0  (211s)
  epoch   4/30  val_F1=68.63  best=68.63  pat=0  (279s)
  epoch   5/30  val_F1=75.71  best=75.71  pat=0  (347s)
  epoch   6/30  val_F1=78.01  best=78.01  pat=0  (415s)
  epoch   7/30  val_F1=77.95  best=78.01  pat=1  (483s)
  epoch   8/30  val_F1=80.27  best=80.27  pat=0  (551s)
  epoch   9/30  val_F1=80.41  best=80.41  pat=0  (619s)
  epoch  10/30  val_F1=83.23  best=83.23  pat=0  (687s)
  epoch  11/30  val_F1=84.57  best=84.57  pat=0  (754s)
  epoch  12/30  val_F1=85.62  best=85.62  pat=0  (822s)
  epoch  13/30  val_F1=85.51  best=85.62  pat=1  (890s)
  epoch  14/30  val_F1=86.87  best=86.87  pat=0  (958s)
  epoch  15/30  val_F1=84.89  best=86.87  pat=1  (1026s)
  epoch  16/30  val_F1=88.75  best=88.75  pat=0  (1094s)
  epoch  17/30  val_F1=87.40  best=88.75  pat=1  (1162s)
  epoch  18/30  val_F1=87.29  best=88.75  pat=2  (1230s)
  epoch  19/30  val_F1=88.23  best=88.75  pat=3  (1298s)
  epoch  20/30  val_F1=88.44  best=88.75  pat=4  (1366s)
  epoch  21/30  val_F1=88.54  best=88.75  pat=5  (1435s)
  epoch  22/30  val_F1=89.68  best=89.68  pat=0  (1503s)
  epoch  23/30  val_F1=89.68  best=89.68  pat=1  (1571s)
  epoch  24/30  val_F1=90.31  best=90.31  pat=0  (1639s)
  epoch  25/30  val_F1=90.00  best=90.31  pat=1  (1707s)
  epoch  26/30  val_F1=89.58  best=90.31  pat=2  (1775s)
  epoch  27/30  val_F1=89.89  best=90.31  pat=3  (1843s)
  epoch  28/30  val_F1=89.99  best=90.31  pat=4  (1911s)
  epoch  29/30  val_F1=90.31  best=90.31  pat=5  (1979s)
  epoch  30/30  val_F1=90.30  best=90.31  pat=6  (2047s)

mobilenetv2_100 fold 4/5 TEST -> f1=88.81 acc=88.81
Guardado en results_freshness_v3/fullmetrics_dnc_mobilenetv2_100_fullfinetune_fold4.csv  (total 2057s)
--- mobilenetv2_100 fold 5 ---
[mobilenetv2_100] fold 5/5  train=5440 val=960 test=1600  class_counts_train=[2720, 2720]  device=mps
Warning: You are sending unauthenticated requests to the HF Hub. Please set a HF_TOKEN to enable higher rate limits and faster downloads.
  epoch   1/30  val_F1=54.09  best=54.09  pat=0  (76s)
  epoch   2/30  val_F1=62.32  best=62.32  pat=0  (144s)
/Users/miguelsumaran/Library/Python/3.9/lib/python/site-packages/torch/optim/lr_scheduler.py:209: UserWarning: The epoch parameter in `scheduler.step()` was not necessary and is being deprecated where possible. Please use `scheduler.step()` to step the scheduler. During the deprecation, if epoch is different from None, the closed form is used instead of the new chainable form, where available. Please open an issue if you are unable to replicate your use case: https://github.com/pytorch/pytorch/issues/new/choose.
  warnings.warn(EPOCH_DEPRECATION_WARNING, UserWarning)
  epoch   3/30  val_F1=66.65  best=66.65  pat=0  (212s)
  epoch   4/30  val_F1=66.92  best=66.92  pat=0  (279s)
  epoch   5/30  val_F1=74.98  best=74.98  pat=0  (347s)
  epoch   6/30  val_F1=76.60  best=76.60  pat=0  (415s)
  epoch   7/30  val_F1=76.39  best=76.60  pat=1  (483s)
  epoch   8/30  val_F1=81.60  best=81.60  pat=0  (551s)
  epoch   9/30  val_F1=81.40  best=81.60  pat=1  (619s)
  epoch  10/30  val_F1=82.38  best=82.38  pat=0  (687s)
  epoch  11/30  val_F1=83.21  best=83.21  pat=0  (755s)
  epoch  12/30  val_F1=84.79  best=84.79  pat=0  (823s)
  epoch  13/30  val_F1=85.31  best=85.31  pat=0  (891s)
  epoch  14/30  val_F1=84.85  best=85.31  pat=1  (959s)
  epoch  15/30  val_F1=87.08  best=87.08  pat=0  (1027s)
  epoch  16/30  val_F1=87.70  best=87.70  pat=0  (1095s)
  epoch  17/30  val_F1=87.29  best=87.70  pat=1  (1164s)
  epoch  18/30  val_F1=87.37  best=87.70  pat=2  (1232s)
  epoch  19/30  val_F1=86.98  best=87.70  pat=3  (1300s)
  epoch  20/30  val_F1=88.33  best=88.33  pat=0  (1368s)
  epoch  21/30  val_F1=88.96  best=88.96  pat=0  (1436s)
  epoch  22/30  val_F1=88.85  best=88.96  pat=1  (1504s)
  epoch  23/30  val_F1=88.96  best=88.96  pat=2  (1572s)
  epoch  24/30  val_F1=88.64  best=88.96  pat=3  (1641s)
  epoch  25/30  val_F1=89.37  best=89.37  pat=0  (1709s)
  epoch  26/30  val_F1=89.69  best=89.69  pat=0  (1777s)
  epoch  27/30  val_F1=89.27  best=89.69  pat=1  (1845s)
  epoch  28/30  val_F1=89.79  best=89.79  pat=0  (1913s)
  epoch  29/30  val_F1=89.58  best=89.79  pat=1  (1981s)
  epoch  30/30  val_F1=89.06  best=89.79  pat=2  (2049s)

mobilenetv2_100 fold 5/5 TEST -> f1=88.94 acc=88.94
Guardado en results_freshness_v3/fullmetrics_dnc_mobilenetv2_100_fullfinetune_fold5.csv  (total 2059s)
--- densenet121 fold 1 ---
[densenet121] fold 1/5  train=5440 val=960 test=1600  class_counts_train=[2720, 2720]  device=mps
Warning: You are sending unauthenticated requests to the HF Hub. Please set a HF_TOKEN to enable higher rate limits and faster downloads.
  epoch   1/30  val_F1=57.99  best=57.99  pat=0  (195s)
  epoch   2/30  val_F1=72.32  best=72.32  pat=0  (380s)
/Users/miguelsumaran/Library/Python/3.9/lib/python/site-packages/torch/optim/lr_scheduler.py:209: UserWarning: The epoch parameter in `scheduler.step()` was not necessary and is being deprecated where possible. Please use `scheduler.step()` to step the scheduler. During the deprecation, if epoch is different from None, the closed form is used instead of the new chainable form, where available. Please open an issue if you are unable to replicate your use case: https://github.com/pytorch/pytorch/issues/new/choose.
  warnings.warn(EPOCH_DEPRECATION_WARNING, UserWarning)
  epoch   3/30  val_F1=76.84  best=76.84  pat=0  (565s)
  epoch   4/30  val_F1=81.66  best=81.66  pat=0  (750s)
  epoch   5/30  val_F1=86.45  best=86.45  pat=0  (937s)
  epoch   6/30  val_F1=86.04  best=86.45  pat=1  (1121s)
  epoch   7/30  val_F1=85.60  best=86.45  pat=2  (1306s)
  epoch   8/30  val_F1=88.02  best=88.02  pat=0  (1491s)
  epoch   9/30  val_F1=89.16  best=89.16  pat=0  (1676s)
  epoch  10/30  val_F1=89.79  best=89.79  pat=0  (1861s)
  epoch  11/30  val_F1=92.08  best=92.08  pat=0  (2046s)
  epoch  12/30  val_F1=91.77  best=92.08  pat=1  (2231s)
  epoch  13/30  val_F1=92.18  best=92.18  pat=0  (2417s)
  epoch  14/30  val_F1=91.35  best=92.18  pat=1  (2601s)
  epoch  15/30  val_F1=91.56  best=92.18  pat=2  (2787s)
  epoch  16/30  val_F1=92.19  best=92.19  pat=0  (2972s)
  epoch  17/30  val_F1=94.16  best=94.16  pat=0  (3157s)
  epoch  18/30  val_F1=94.48  best=94.48  pat=0  (3342s)
  epoch  19/30  val_F1=93.75  best=94.48  pat=1  (3526s)
  epoch  20/30  val_F1=94.06  best=94.48  pat=2  (3711s)
  epoch  21/30  val_F1=94.90  best=94.90  pat=0  (3897s)
  epoch  22/30  val_F1=95.10  best=95.10  pat=0  (4082s)
  epoch  23/30  val_F1=94.90  best=95.10  pat=1  (4267s)
  epoch  24/30  val_F1=94.58  best=95.10  pat=2  (4452s)
  epoch  25/30  val_F1=95.21  best=95.21  pat=0  (4638s)
  epoch  26/30  val_F1=95.00  best=95.21  pat=1  (4822s)
  epoch  27/30  val_F1=95.62  best=95.62  pat=0  (5007s)
  epoch  28/30  val_F1=95.31  best=95.62  pat=1  (5192s)
  epoch  29/30  val_F1=95.42  best=95.62  pat=2  (5377s)
  epoch  30/30  val_F1=95.52  best=95.62  pat=3  (5562s)

densenet121 fold 1/5 TEST -> f1=96.00 acc=96.00
Guardado en results_freshness_v3/fullmetrics_dnc_densenet121_fullfinetune_fold1.csv  (total 5584s)
--- densenet121 fold 2 ---
[densenet121] fold 2/5  train=5440 val=960 test=1600  class_counts_train=[2720, 2720]  device=mps
  epoch   1/30  val_F1=61.20  best=61.20  pat=0  (195s)
  epoch   2/30  val_F1=73.91  best=73.91  pat=0  (380s)
/Users/miguelsumaran/Library/Python/3.9/lib/python/site-packages/torch/optim/lr_scheduler.py:209: UserWarning: The epoch parameter in `scheduler.step()` was not necessary and is being deprecated where possible. Please use `scheduler.step()` to step the scheduler. During the deprecation, if epoch is different from None, the closed form is used instead of the new chainable form, where available. Please open an issue if you are unable to replicate your use case: https://github.com/pytorch/pytorch/issues/new/choose.
  warnings.warn(EPOCH_DEPRECATION_WARNING, UserWarning)
  epoch   3/30  val_F1=81.87  best=81.87  pat=0  (565s)
  epoch   4/30  val_F1=83.65  best=83.65  pat=0  (750s)
  epoch   5/30  val_F1=84.78  best=84.78  pat=0  (936s)
  epoch   6/30  val_F1=83.32  best=84.78  pat=1  (1120s)
  epoch   7/30  val_F1=85.83  best=85.83  pat=0  (1305s)
  epoch   8/30  val_F1=86.97  best=86.97  pat=0  (1490s)
  epoch   9/30  val_F1=85.90  best=86.97  pat=1  (1675s)
  epoch  10/30  val_F1=90.10  best=90.10  pat=0  (1860s)
  epoch  11/30  val_F1=91.25  best=91.25  pat=0  (2045s)
  epoch  12/30  val_F1=89.37  best=91.25  pat=1  (2230s)
  epoch  13/30  val_F1=91.13  best=91.25  pat=2  (2415s)
  epoch  14/30  val_F1=91.67  best=91.67  pat=0  (2600s)
  epoch  15/30  val_F1=92.19  best=92.19  pat=0  (2786s)
  epoch  16/30  val_F1=91.66  best=92.19  pat=1  (2971s)
  epoch  17/30  val_F1=92.18  best=92.19  pat=2  (3156s)
  epoch  18/30  val_F1=92.80  best=92.80  pat=0  (3341s)
  epoch  19/30  val_F1=93.33  best=93.33  pat=0  (3526s)
  epoch  20/30  val_F1=93.64  best=93.64  pat=0  (3712s)
  epoch  21/30  val_F1=93.12  best=93.64  pat=1  (3896s)
  epoch  22/30  val_F1=93.44  best=93.64  pat=2  (4082s)
  epoch  23/30  val_F1=93.33  best=93.64  pat=3  (4267s)
  epoch  24/30  val_F1=94.48  best=94.48  pat=0  (4452s)
  epoch  25/30  val_F1=93.75  best=94.48  pat=1  (4637s)
  epoch  26/30  val_F1=94.27  best=94.48  pat=2  (4823s)
  epoch  27/30  val_F1=93.96  best=94.48  pat=3  (5008s)
  epoch  28/30  val_F1=94.27  best=94.48  pat=4  (5192s)
  epoch  29/30  val_F1=94.27  best=94.48  pat=5  (5377s)
  epoch  30/30  val_F1=94.27  best=94.48  pat=6  (5563s)

densenet121 fold 2/5 TEST -> f1=94.31 acc=94.31
Guardado en results_freshness_v3/fullmetrics_dnc_densenet121_fullfinetune_fold2.csv  (total 5582s)
--- densenet121 fold 3 ---
[densenet121] fold 3/5  train=5440 val=960 test=1600  class_counts_train=[2720, 2720]  device=mps
Warning: You are sending unauthenticated requests to the HF Hub. Please set a HF_TOKEN to enable higher rate limits and faster downloads.
  epoch   1/30  val_F1=59.17  best=59.17  pat=0  (196s)
  epoch   2/30  val_F1=73.08  best=73.08  pat=0  (381s)
/Users/miguelsumaran/Library/Python/3.9/lib/python/site-packages/torch/optim/lr_scheduler.py:209: UserWarning: The epoch parameter in `scheduler.step()` was not necessary and is being deprecated where possible. Please use `scheduler.step()` to step the scheduler. During the deprecation, if epoch is different from None, the closed form is used instead of the new chainable form, where available. Please open an issue if you are unable to replicate your use case: https://github.com/pytorch/pytorch/issues/new/choose.
  warnings.warn(EPOCH_DEPRECATION_WARNING, UserWarning)
  epoch   3/30  val_F1=77.22  best=77.22  pat=0  (566s)
  epoch   4/30  val_F1=82.69  best=82.69  pat=0  (751s)
  epoch   5/30  val_F1=85.20  best=85.20  pat=0  (936s)
  epoch   6/30  val_F1=84.16  best=85.20  pat=1  (1120s)
  epoch   7/30  val_F1=85.20  best=85.20  pat=2  (1305s)
  epoch   8/30  val_F1=87.40  best=87.40  pat=0  (1490s)
  epoch   9/30  val_F1=88.02  best=88.02  pat=0  (1675s)
  epoch  10/30  val_F1=89.36  best=89.36  pat=0  (1860s)
  epoch  11/30  val_F1=87.39  best=89.36  pat=1  (2046s)
  epoch  12/30  val_F1=91.67  best=91.67  pat=0  (2231s)
  epoch  13/30  val_F1=90.29  best=91.67  pat=1  (2415s)
  epoch  14/30  val_F1=91.56  best=91.67  pat=2  (2600s)
  epoch  15/30  val_F1=93.02  best=93.02  pat=0  (2785s)
  epoch  16/30  val_F1=92.18  best=93.02  pat=1  (2970s)
  epoch  17/30  val_F1=92.39  best=93.02  pat=2  (3154s)
  epoch  18/30  val_F1=93.23  best=93.23  pat=0  (3339s)
  epoch  19/30  val_F1=94.37  best=94.37  pat=0  (3525s)
  epoch  20/30  val_F1=94.06  best=94.37  pat=1  (3710s)
  epoch  21/30  val_F1=94.37  best=94.37  pat=2  (3895s)
  epoch  22/30  val_F1=94.16  best=94.37  pat=3  (4080s)
  epoch  23/30  val_F1=94.26  best=94.37  pat=4  (4265s)
  epoch  24/30  val_F1=94.58  best=94.58  pat=0  (4450s)
  epoch  25/30  val_F1=95.21  best=95.21  pat=0  (4635s)
  epoch  26/30  val_F1=95.10  best=95.21  pat=1  (4819s)
  epoch  27/30  val_F1=95.52  best=95.52  pat=0  (5004s)
  epoch  28/30  val_F1=94.89  best=95.52  pat=1  (5189s)
  epoch  29/30  val_F1=95.10  best=95.52  pat=2  (5375s)
  epoch  30/30  val_F1=95.62  best=95.62  pat=0  (5560s)

densenet121 fold 3/5 TEST -> f1=96.37 acc=96.37
Guardado en results_freshness_v3/fullmetrics_dnc_densenet121_fullfinetune_fold3.csv  (total 5579s)
--- densenet121 fold 4 ---
[densenet121] fold 4/5  train=5440 val=960 test=1600  class_counts_train=[2720, 2720]  device=mps
Warning: You are sending unauthenticated requests to the HF Hub. Please set a HF_TOKEN to enable higher rate limits and faster downloads.
  epoch   1/30  val_F1=58.58  best=58.58  pat=0  (195s)
  epoch   2/30  val_F1=70.71  best=70.71  pat=0  (380s)
/Users/miguelsumaran/Library/Python/3.9/lib/python/site-packages/torch/optim/lr_scheduler.py:209: UserWarning: The epoch parameter in `scheduler.step()` was not necessary and is being deprecated where possible. Please use `scheduler.step()` to step the scheduler. During the deprecation, if epoch is different from None, the closed form is used instead of the new chainable form, where available. Please open an issue if you are unable to replicate your use case: https://github.com/pytorch/pytorch/issues/new/choose.
  warnings.warn(EPOCH_DEPRECATION_WARNING, UserWarning)
  epoch   3/30  val_F1=81.04  best=81.04  pat=0  (565s)
  epoch   4/30  val_F1=83.12  best=83.12  pat=0  (750s)
  epoch   5/30  val_F1=84.15  best=84.15  pat=0  (935s)
  epoch   6/30  val_F1=86.13  best=86.13  pat=0  (1119s)
  epoch   7/30  val_F1=88.43  best=88.43  pat=0  (1304s)
  epoch   8/30  val_F1=87.91  best=88.43  pat=1  (1489s)
  epoch   9/30  val_F1=89.89  best=89.89  pat=0  (1675s)
  epoch  10/30  val_F1=90.19  best=90.19  pat=0  (1861s)
  epoch  11/30  val_F1=90.52  best=90.52  pat=0  (2046s)
  epoch  12/30  val_F1=92.08  best=92.08  pat=0  (2231s)
  epoch  13/30  val_F1=91.76  best=92.08  pat=1  (2415s)
  epoch  14/30  val_F1=92.19  best=92.19  pat=0  (2600s)
  epoch  15/30  val_F1=92.50  best=92.50  pat=0  (2785s)
  epoch  16/30  val_F1=92.92  best=92.92  pat=0  (2970s)
  epoch  17/30  val_F1=93.75  best=93.75  pat=0  (3155s)
  epoch  18/30  val_F1=94.06  best=94.06  pat=0  (3340s)
  epoch  19/30  val_F1=94.69  best=94.69  pat=0  (3526s)
  epoch  20/30  val_F1=94.27  best=94.69  pat=1  (3710s)
  epoch  21/30  val_F1=93.75  best=94.69  pat=2  (3895s)
  epoch  22/30  val_F1=95.52  best=95.52  pat=0  (4080s)
  epoch  23/30  val_F1=93.74  best=95.52  pat=1  (4265s)
  epoch  24/30  val_F1=95.00  best=95.52  pat=2  (4450s)
  epoch  25/30  val_F1=95.31  best=95.52  pat=3  (4634s)
  epoch  26/30  val_F1=95.73  best=95.73  pat=0  (4819s)
  epoch  27/30  val_F1=95.52  best=95.73  pat=1  (5004s)
  epoch  28/30  val_F1=95.62  best=95.73  pat=2  (5188s)
  epoch  29/30  val_F1=95.62  best=95.73  pat=3  (5374s)
  epoch  30/30  val_F1=95.52  best=95.73  pat=4  (5559s)

densenet121 fold 4/5 TEST -> f1=95.75 acc=95.75
Guardado en results_freshness_v3/fullmetrics_dnc_densenet121_fullfinetune_fold4.csv  (total 5578s)
--- densenet121 fold 5 ---
[densenet121] fold 5/5  train=5440 val=960 test=1600  class_counts_train=[2720, 2720]  device=mps
Warning: You are sending unauthenticated requests to the HF Hub. Please set a HF_TOKEN to enable higher rate limits and faster downloads.
  epoch   1/30  val_F1=60.35  best=60.35  pat=0  (195s)
  epoch   2/30  val_F1=72.49  best=72.49  pat=0  (381s)
/Users/miguelsumaran/Library/Python/3.9/lib/python/site-packages/torch/optim/lr_scheduler.py:209: UserWarning: The epoch parameter in `scheduler.step()` was not necessary and is being deprecated where possible. Please use `scheduler.step()` to step the scheduler. During the deprecation, if epoch is different from None, the closed form is used instead of the new chainable form, where available. Please open an issue if you are unable to replicate your use case: https://github.com/pytorch/pytorch/issues/new/choose.
  warnings.warn(EPOCH_DEPRECATION_WARNING, UserWarning)
  epoch   3/30  val_F1=79.43  best=79.43  pat=0  (566s)
  epoch   4/30  val_F1=83.84  best=83.84  pat=0  (752s)
  epoch   5/30  val_F1=82.72  best=83.84  pat=1  (937s)
  epoch   6/30  val_F1=84.30  best=84.30  pat=0  (1123s)
  epoch   7/30  val_F1=87.27  best=87.27  pat=0  (1310s)
  epoch   8/30  val_F1=86.64  best=87.27  pat=1  (1495s)
  epoch   9/30  val_F1=86.77  best=87.27  pat=2  (1681s)
  epoch  10/30  val_F1=90.73  best=90.73  pat=0  (1867s)
  epoch  11/30  val_F1=92.29  best=92.29  pat=0  (2052s)
  epoch  12/30  val_F1=90.51  best=92.29  pat=1  (2236s)
  epoch  13/30  val_F1=92.81  best=92.81  pat=0  (2421s)
  epoch  14/30  val_F1=91.25  best=92.81  pat=1  (2607s)
  epoch  15/30  val_F1=92.60  best=92.81  pat=2  (2792s)
  epoch  16/30  val_F1=94.48  best=94.48  pat=0  (2977s)
  epoch  17/30  val_F1=94.27  best=94.48  pat=1  (3162s)
  epoch  18/30  val_F1=93.95  best=94.48  pat=2  (3348s)
  epoch  19/30  val_F1=95.52  best=95.52  pat=0  (3535s)
  epoch  20/30  val_F1=94.90  best=95.52  pat=1  (3720s)
  epoch  21/30  val_F1=94.05  best=95.52  pat=2  (3905s)
  epoch  22/30  val_F1=95.62  best=95.62  pat=0  (4091s)
  epoch  23/30  val_F1=94.79  best=95.62  pat=1  (4276s)
  epoch  24/30  val_F1=94.89  best=95.62  pat=2  (4461s)
  epoch  25/30  val_F1=95.73  best=95.73  pat=0  (4646s)
  epoch  26/30  val_F1=95.31  best=95.73  pat=1  (4832s)
  epoch  27/30  val_F1=95.83  best=95.83  pat=0  (5017s)
  epoch  28/30  val_F1=95.62  best=95.83  pat=1  (5202s)
  epoch  29/30  val_F1=96.04  best=96.04  pat=0  (5387s)
  epoch  30/30  val_F1=95.62  best=96.04  pat=1  (5572s)

densenet121 fold 5/5 TEST -> f1=95.87 acc=95.87
Guardado en results_freshness_v3/fullmetrics_dnc_densenet121_fullfinetune_fold5.csv  (total 5591s)
--- resnet50 fold 1 ---
[resnet50] fold 1/5  train=5440 val=960 test=1600  class_counts_train=[2720, 2720]  device=mps
  epoch   1/30  val_F1=56.22  best=56.22  pat=0  (188s)
  epoch   2/30  val_F1=61.74  best=61.74  pat=0  (367s)
/Users/miguelsumaran/Library/Python/3.9/lib/python/site-packages/torch/optim/lr_scheduler.py:209: UserWarning: The epoch parameter in `scheduler.step()` was not necessary and is being deprecated where possible. Please use `scheduler.step()` to step the scheduler. During the deprecation, if epoch is different from None, the closed form is used instead of the new chainable form, where available. Please open an issue if you are unable to replicate your use case: https://github.com/pytorch/pytorch/issues/new/choose.
  warnings.warn(EPOCH_DEPRECATION_WARNING, UserWarning)
  epoch   3/30  val_F1=73.37  best=73.37  pat=0  (547s)
  epoch   4/30  val_F1=75.46  best=75.46  pat=0  (726s)
  epoch   5/30  val_F1=80.20  best=80.20  pat=0  (906s)
  epoch   6/30  val_F1=80.38  best=80.38  pat=0  (1085s)
  epoch   7/30  val_F1=81.83  best=81.83  pat=0  (1264s)
  epoch   8/30  val_F1=83.01  best=83.01  pat=0  (1444s)
  epoch   9/30  val_F1=80.61  best=83.01  pat=1  (1624s)
  epoch  10/30  val_F1=82.94  best=83.01  pat=2  (1803s)
  epoch  11/30  val_F1=83.33  best=83.33  pat=0  (1983s)
  epoch  12/30  val_F1=83.84  best=83.84  pat=0  (2162s)
  epoch  13/30  val_F1=83.72  best=83.84  pat=1  (2341s)
  epoch  14/30  val_F1=83.75  best=83.84  pat=2  (2521s)
  epoch  15/30  val_F1=86.14  best=86.14  pat=0  (2700s)
  epoch  16/30  val_F1=87.19  best=87.19  pat=0  (2879s)
  epoch  17/30  val_F1=87.91  best=87.91  pat=0  (3059s)
  epoch  18/30  val_F1=88.02  best=88.02  pat=0  (3238s)
  epoch  19/30  val_F1=87.08  best=88.02  pat=1  (3418s)
  epoch  20/30  val_F1=86.98  best=88.02  pat=2  (3598s)
  epoch  21/30  val_F1=87.60  best=88.02  pat=3  (3777s)
  epoch  22/30  val_F1=87.91  best=88.02  pat=4  (3956s)
  epoch  23/30  val_F1=88.54  best=88.54  pat=0  (4136s)
  epoch  24/30  val_F1=89.06  best=89.06  pat=0  (4315s)
  epoch  25/30  val_F1=88.54  best=89.06  pat=1  (4494s)
  epoch  26/30  val_F1=88.12  best=89.06  pat=2  (4674s)
  epoch  27/30  val_F1=88.12  best=89.06  pat=3  (4853s)
  epoch  28/30  val_F1=88.02  best=89.06  pat=4  (5032s)
  epoch  29/30  val_F1=88.54  best=89.06  pat=5  (5212s)
  epoch  30/30  val_F1=88.64  best=89.06  pat=6  (5392s)

resnet50 fold 1/5 TEST -> f1=89.75 acc=89.75
Guardado en results_freshness_v3/fullmetrics_dnc_resnet50_fullfinetune_fold1.csv  (total 5410s)
--- resnet50 fold 2 ---
[resnet50] fold 2/5  train=5440 val=960 test=1600  class_counts_train=[2720, 2720]  device=mps
Warning: You are sending unauthenticated requests to the HF Hub. Please set a HF_TOKEN to enable higher rate limits and faster downloads.
  epoch   1/30  val_F1=57.21  best=57.21  pat=0  (188s)
  epoch   2/30  val_F1=59.05  best=59.05  pat=0  (368s)
/Users/miguelsumaran/Library/Python/3.9/lib/python/site-packages/torch/optim/lr_scheduler.py:209: UserWarning: The epoch parameter in `scheduler.step()` was not necessary and is being deprecated where possible. Please use `scheduler.step()` to step the scheduler. During the deprecation, if epoch is different from None, the closed form is used instead of the new chainable form, where available. Please open an issue if you are unable to replicate your use case: https://github.com/pytorch/pytorch/issues/new/choose.
  warnings.warn(EPOCH_DEPRECATION_WARNING, UserWarning)
  epoch   3/30  val_F1=71.53  best=71.53  pat=0  (547s)
  epoch   4/30  val_F1=76.71  best=76.71  pat=0  (726s)
  epoch   5/30  val_F1=79.58  best=79.58  pat=0  (906s)
  epoch   6/30  val_F1=80.73  best=80.73  pat=0  (1085s)
  epoch   7/30  val_F1=80.91  best=80.91  pat=0  (1265s)
  epoch   8/30  val_F1=81.45  best=81.45  pat=0  (1444s)
  epoch   9/30  val_F1=83.02  best=83.02  pat=0  (1624s)
  epoch  10/30  val_F1=83.94  best=83.94  pat=0  (1804s)
  epoch  11/30  val_F1=85.10  best=85.10  pat=0  (1983s)
  epoch  12/30  val_F1=84.78  best=85.10  pat=1  (2162s)
  epoch  13/30  val_F1=85.82  best=85.82  pat=0  (2342s)
  epoch  14/30  val_F1=84.35  best=85.82  pat=1  (2521s)
  epoch  15/30  val_F1=86.35  best=86.35  pat=0  (2701s)
  epoch  16/30  val_F1=88.01  best=88.01  pat=0  (2880s)
  epoch  17/30  val_F1=88.53  best=88.53  pat=0  (3059s)
  epoch  18/30  val_F1=88.01  best=88.53  pat=1  (3239s)
  epoch  19/30  val_F1=87.70  best=88.53  pat=2  (3418s)
  epoch  20/30  val_F1=88.53  best=88.53  pat=0  (3598s)
  epoch  21/30  val_F1=87.70  best=88.53  pat=1  (3777s)
  epoch  22/30  val_F1=87.81  best=88.53  pat=2  (3956s)
  epoch  23/30  val_F1=88.44  best=88.53  pat=3  (4135s)
  epoch  24/30  val_F1=88.54  best=88.54  pat=0  (4315s)
  epoch  25/30  val_F1=88.02  best=88.54  pat=1  (4494s)
  epoch  26/30  val_F1=87.92  best=88.54  pat=2  (4673s)
  epoch  27/30  val_F1=88.64  best=88.64  pat=0  (4852s)
  epoch  28/30  val_F1=88.75  best=88.75  pat=0  (5032s)
  epoch  29/30  val_F1=88.64  best=88.75  pat=1  (5211s)
  epoch  30/30  val_F1=88.96  best=88.96  pat=0  (5391s)

resnet50 fold 2/5 TEST -> f1=89.12 acc=89.12
Guardado en results_freshness_v3/fullmetrics_dnc_resnet50_fullfinetune_fold2.csv  (total 5409s)
--- resnet50 fold 3 ---
[resnet50] fold 3/5  train=5440 val=960 test=1600  class_counts_train=[2720, 2720]  device=mps
  epoch   1/30  val_F1=57.78  best=57.78  pat=0  (188s)
  epoch   2/30  val_F1=61.77  best=61.77  pat=0  (367s)
/Users/miguelsumaran/Library/Python/3.9/lib/python/site-packages/torch/optim/lr_scheduler.py:209: UserWarning: The epoch parameter in `scheduler.step()` was not necessary and is being deprecated where possible. Please use `scheduler.step()` to step the scheduler. During the deprecation, if epoch is different from None, the closed form is used instead of the new chainable form, where available. Please open an issue if you are unable to replicate your use case: https://github.com/pytorch/pytorch/issues/new/choose.
  warnings.warn(EPOCH_DEPRECATION_WARNING, UserWarning)
  epoch   3/30  val_F1=70.72  best=70.72  pat=0  (547s)
  epoch   4/30  val_F1=74.75  best=74.75  pat=0  (726s)
  epoch   5/30  val_F1=79.26  best=79.26  pat=0  (906s)
  epoch   6/30  val_F1=82.50  best=82.50  pat=0  (1085s)
  epoch   7/30  val_F1=81.25  best=82.50  pat=1  (1264s)
  epoch   8/30  val_F1=83.64  best=83.64  pat=0  (1444s)
  epoch   9/30  val_F1=84.12  best=84.12  pat=0  (1623s)
  epoch  10/30  val_F1=84.99  best=84.99  pat=0  (1803s)
  epoch  11/30  val_F1=85.62  best=85.62  pat=0  (1982s)
  epoch  12/30  val_F1=86.14  best=86.14  pat=0  (2161s)
  epoch  13/30  val_F1=87.19  best=87.19  pat=0  (2341s)
  epoch  14/30  val_F1=86.98  best=87.19  pat=1  (2520s)
  epoch  15/30  val_F1=87.59  best=87.59  pat=0  (2699s)
  epoch  16/30  val_F1=88.02  best=88.02  pat=0  (2879s)
  epoch  17/30  val_F1=88.54  best=88.54  pat=0  (3058s)
  epoch  18/30  val_F1=88.12  best=88.54  pat=1  (3238s)
  epoch  19/30  val_F1=88.33  best=88.54  pat=2  (3417s)
  epoch  20/30  val_F1=88.02  best=88.54  pat=3  (3597s)
  epoch  21/30  val_F1=89.58  best=89.58  pat=0  (3776s)
  epoch  22/30  val_F1=88.44  best=89.58  pat=1  (3956s)
  epoch  23/30  val_F1=89.37  best=89.58  pat=2  (4135s)
  epoch  24/30  val_F1=89.17  best=89.58  pat=3  (4314s)
  epoch  25/30  val_F1=88.43  best=89.58  pat=4  (4493s)
  epoch  26/30  val_F1=89.17  best=89.58  pat=5  (4672s)
  epoch  27/30  val_F1=88.96  best=89.58  pat=6  (4852s)
  epoch  28/30  val_F1=89.17  best=89.58  pat=7  (5031s)
  Early stop at epoch 28

resnet50 fold 3/5 TEST -> f1=90.19 acc=90.19
Guardado en results_freshness_v3/fullmetrics_dnc_resnet50_fullfinetune_fold3.csv  (total 5049s)
--- resnet50 fold 4 ---
[resnet50] fold 4/5  train=5440 val=960 test=1600  class_counts_train=[2720, 2720]  device=mps
Warning: You are sending unauthenticated requests to the HF Hub. Please set a HF_TOKEN to enable higher rate limits and faster downloads.
  epoch   1/30  val_F1=57.50  best=57.50  pat=0  (188s)
  epoch   2/30  val_F1=64.21  best=64.21  pat=0  (367s)
/Users/miguelsumaran/Library/Python/3.9/lib/python/site-packages/torch/optim/lr_scheduler.py:209: UserWarning: The epoch parameter in `scheduler.step()` was not necessary and is being deprecated where possible. Please use `scheduler.step()` to step the scheduler. During the deprecation, if epoch is different from None, the closed form is used instead of the new chainable form, where available. Please open an issue if you are unable to replicate your use case: https://github.com/pytorch/pytorch/issues/new/choose.
  warnings.warn(EPOCH_DEPRECATION_WARNING, UserWarning)
  epoch   3/30  val_F1=72.30  best=72.30  pat=0  (547s)
  epoch   4/30  val_F1=73.00  best=73.00  pat=0  (727s)
  epoch   5/30  val_F1=80.08  best=80.08  pat=0  (906s)
  epoch   6/30  val_F1=79.43  best=80.08  pat=1  (1085s)
  epoch   7/30  val_F1=82.29  best=82.29  pat=0  (1265s)
  epoch   8/30  val_F1=82.18  best=82.29  pat=1  (1444s)
  epoch   9/30  val_F1=84.16  best=84.16  pat=0  (1623s)
  epoch  10/30  val_F1=83.59  best=84.16  pat=1  (1803s)
  epoch  11/30  val_F1=84.37  best=84.37  pat=0  (1982s)
  epoch  12/30  val_F1=84.27  best=84.37  pat=1  (2161s)
  epoch  13/30  val_F1=85.83  best=85.83  pat=0  (2341s)
  epoch  14/30  val_F1=84.37  best=85.83  pat=1  (2521s)
  epoch  15/30  val_F1=85.93  best=85.93  pat=0  (2700s)
  epoch  16/30  val_F1=87.39  best=87.39  pat=0  (2879s)
  epoch  17/30  val_F1=87.39  best=87.39  pat=0  (3059s)
  epoch  18/30  val_F1=87.59  best=87.59  pat=0  (3238s)
  epoch  19/30  val_F1=88.64  best=88.64  pat=0  (3418s)
  epoch  20/30  val_F1=88.64  best=88.64  pat=1  (3597s)
  epoch  21/30  val_F1=88.43  best=88.64  pat=2  (3776s)
  epoch  22/30  val_F1=87.92  best=88.64  pat=3  (3955s)
  epoch  23/30  val_F1=88.85  best=88.85  pat=0  (4135s)
  epoch  24/30  val_F1=88.54  best=88.85  pat=1  (4315s)
  epoch  25/30  val_F1=88.42  best=88.85  pat=2  (4494s)
  epoch  26/30  val_F1=88.43  best=88.85  pat=3  (4673s)
  epoch  27/30  val_F1=89.06  best=89.06  pat=0  (4852s)
  epoch  28/30  val_F1=89.68  best=89.68  pat=0  (5032s)
  epoch  29/30  val_F1=89.06  best=89.68  pat=1  (5212s)
  epoch  30/30  val_F1=88.22  best=89.68  pat=2  (5391s)

resnet50 fold 4/5 TEST -> f1=87.68 acc=87.69
Guardado en results_freshness_v3/fullmetrics_dnc_resnet50_fullfinetune_fold4.csv  (total 5409s)
--- resnet50 fold 5 ---
[resnet50] fold 5/5  train=5440 val=960 test=1600  class_counts_train=[2720, 2720]  device=mps
  epoch   1/30  val_F1=57.32  best=57.32  pat=0  (188s)
  epoch   2/30  val_F1=62.31  best=62.31  pat=0  (367s)
/Users/miguelsumaran/Library/Python/3.9/lib/python/site-packages/torch/optim/lr_scheduler.py:209: UserWarning: The epoch parameter in `scheduler.step()` was not necessary and is being deprecated where possible. Please use `scheduler.step()` to step the scheduler. During the deprecation, if epoch is different from None, the closed form is used instead of the new chainable form, where available. Please open an issue if you are unable to replicate your use case: https://github.com/pytorch/pytorch/issues/new/choose.
  warnings.warn(EPOCH_DEPRECATION_WARNING, UserWarning)
  epoch   3/30  val_F1=71.95  best=71.95  pat=0  (547s)
  epoch   4/30  val_F1=75.57  best=75.57  pat=0  (726s)
  epoch   5/30  val_F1=79.63  best=79.63  pat=0  (905s)
  epoch   6/30  val_F1=80.83  best=80.83  pat=0  (1085s)
  epoch   7/30  val_F1=82.60  best=82.60  pat=0  (1264s)
  epoch   8/30  val_F1=83.75  best=83.75  pat=0  (1443s)
  epoch   9/30  val_F1=84.77  best=84.77  pat=0  (1623s)
  epoch  10/30  val_F1=84.99  best=84.99  pat=0  (1803s)
  epoch  11/30  val_F1=85.83  best=85.83  pat=0  (1982s)
  epoch  12/30  val_F1=86.97  best=86.97  pat=0  (2161s)
  epoch  13/30  val_F1=86.46  best=86.97  pat=1  (2341s)
  epoch  14/30  val_F1=85.92  best=86.97  pat=2  (2520s)
  epoch  15/30  val_F1=88.02  best=88.02  pat=0  (2699s)
  epoch  16/30  val_F1=89.26  best=89.26  pat=0  (2879s)
  epoch  17/30  val_F1=87.91  best=89.26  pat=1  (3058s)
  epoch  18/30  val_F1=89.37  best=89.37  pat=0  (3237s)
  epoch  19/30  val_F1=90.10  best=90.10  pat=0  (3417s)
  epoch  20/30  val_F1=90.73  best=90.73  pat=0  (3597s)
  epoch  21/30  val_F1=90.42  best=90.73  pat=1  (3776s)
  epoch  22/30  val_F1=91.25  best=91.25  pat=0  (3955s)
  epoch  23/30  val_F1=91.14  best=91.25  pat=1  (4134s)
  epoch  24/30  val_F1=91.04  best=91.25  pat=2  (4314s)
  epoch  25/30  val_F1=91.04  best=91.25  pat=3  (4493s)
  epoch  26/30  val_F1=91.56  best=91.56  pat=0  (4672s)
  epoch  27/30  val_F1=91.25  best=91.56  pat=1  (4852s)
  epoch  28/30  val_F1=91.14  best=91.56  pat=2  (5031s)
  epoch  29/30  val_F1=91.14  best=91.56  pat=3  (5211s)
  epoch  30/30  val_F1=91.35  best=91.56  pat=4  (5390s)

resnet50 fold 5/5 TEST -> f1=88.56 acc=88.56
Guardado en results_freshness_v3/fullmetrics_dnc_resnet50_fullfinetune_fold5.csv  (total 5408s)
--- mobilenetv1_100 fold 1 ---
[mobilenetv1_100] fold 1/5  train=5440 val=960 test=1600  class_counts_train=[2720, 2720]  device=mps
Warning: You are sending unauthenticated requests to the HF Hub. Please set a HF_TOKEN to enable higher rate limits and faster downloads.
  epoch   1/30  val_F1=58.71  best=58.71  pat=0  (64s)
  epoch   2/30  val_F1=68.59  best=68.59  pat=0  (120s)
/Users/miguelsumaran/Library/Python/3.9/lib/python/site-packages/torch/optim/lr_scheduler.py:209: UserWarning: The epoch parameter in `scheduler.step()` was not necessary and is being deprecated where possible. Please use `scheduler.step()` to step the scheduler. During the deprecation, if epoch is different from None, the closed form is used instead of the new chainable form, where available. Please open an issue if you are unable to replicate your use case: https://github.com/pytorch/pytorch/issues/new/choose.
  warnings.warn(EPOCH_DEPRECATION_WARNING, UserWarning)
  epoch   3/30  val_F1=68.39  best=68.59  pat=1  (177s)
  epoch   4/30  val_F1=65.41  best=68.59  pat=2  (234s)
  epoch   5/30  val_F1=69.24  best=69.24  pat=0  (290s)
  epoch   6/30  val_F1=76.71  best=76.71  pat=0  (347s)
  epoch   7/30  val_F1=76.20  best=76.71  pat=1  (403s)
  epoch   8/30  val_F1=76.65  best=76.71  pat=2  (460s)
  epoch   9/30  val_F1=75.31  best=76.71  pat=3  (516s)
  epoch  10/30  val_F1=76.17  best=76.71  pat=4  (572s)
  epoch  11/30  val_F1=80.50  best=80.50  pat=0  (629s)
  epoch  12/30  val_F1=81.67  best=81.67  pat=0  (685s)
  epoch  13/30  val_F1=82.91  best=82.91  pat=0  (742s)
  epoch  14/30  val_F1=83.01  best=83.01  pat=0  (798s)
  epoch  15/30  val_F1=82.39  best=83.01  pat=1  (854s)
  epoch  16/30  val_F1=82.77  best=83.01  pat=2  (911s)
  epoch  17/30  val_F1=84.24  best=84.24  pat=0  (967s)
  epoch  18/30  val_F1=84.93  best=84.93  pat=0  (1024s)
  epoch  19/30  val_F1=83.73  best=84.93  pat=1  (1080s)
  epoch  20/30  val_F1=86.87  best=86.87  pat=0  (1136s)
  epoch  21/30  val_F1=86.66  best=86.87  pat=1  (1193s)
  epoch  22/30  val_F1=86.54  best=86.87  pat=2  (1249s)
  epoch  23/30  val_F1=85.62  best=86.87  pat=3  (1305s)
  epoch  24/30  val_F1=87.48  best=87.48  pat=0  (1362s)
  epoch  25/30  val_F1=87.37  best=87.48  pat=1  (1418s)
  epoch  26/30  val_F1=88.64  best=88.64  pat=0  (1475s)
  epoch  27/30  val_F1=88.32  best=88.64  pat=1  (1531s)
  epoch  28/30  val_F1=89.06  best=89.06  pat=0  (1588s)
  epoch  29/30  val_F1=89.06  best=89.06  pat=1  (1646s)
  epoch  30/30  val_F1=88.75  best=89.06  pat=2  (1702s)

mobilenetv1_100 fold 1/5 TEST -> f1=90.50 acc=90.50
Guardado en results_freshness_v3/fullmetrics_dnc_mobilenetv1_100_fullfinetune_fold1.csv  (total 1711s)
--- mobilenetv1_100 fold 2 ---
[mobilenetv1_100] fold 2/5  train=5440 val=960 test=1600  class_counts_train=[2720, 2720]  device=mps
  epoch   1/30  val_F1=60.42  best=60.42  pat=0  (64s)
  epoch   2/30  val_F1=65.70  best=65.70  pat=0  (121s)
/Users/miguelsumaran/Library/Python/3.9/lib/python/site-packages/torch/optim/lr_scheduler.py:209: UserWarning: The epoch parameter in `scheduler.step()` was not necessary and is being deprecated where possible. Please use `scheduler.step()` to step the scheduler. During the deprecation, if epoch is different from None, the closed form is used instead of the new chainable form, where available. Please open an issue if you are unable to replicate your use case: https://github.com/pytorch/pytorch/issues/new/choose.
  warnings.warn(EPOCH_DEPRECATION_WARNING, UserWarning)
  epoch   3/30  val_F1=69.99  best=69.99  pat=0  (177s)
  epoch   4/30  val_F1=69.79  best=69.99  pat=1  (234s)
  epoch   5/30  val_F1=72.89  best=72.89  pat=0  (291s)
  epoch   6/30  val_F1=73.85  best=73.85  pat=0  (348s)
  epoch   7/30  val_F1=77.90  best=77.90  pat=0  (404s)
  epoch   8/30  val_F1=76.23  best=77.90  pat=1  (461s)
  epoch   9/30  val_F1=80.83  best=80.83  pat=0  (517s)
  epoch  10/30  val_F1=80.31  best=80.83  pat=1  (574s)
  epoch  11/30  val_F1=81.97  best=81.97  pat=0  (630s)
  epoch  12/30  val_F1=81.35  best=81.97  pat=1  (687s)
  epoch  13/30  val_F1=80.88  best=81.97  pat=2  (743s)
  epoch  14/30  val_F1=81.97  best=81.97  pat=3  (800s)
  epoch  15/30  val_F1=81.35  best=81.97  pat=4  (856s)
  epoch  16/30  val_F1=84.05  best=84.05  pat=0  (913s)
  epoch  17/30  val_F1=83.74  best=84.05  pat=1  (969s)
  epoch  18/30  val_F1=82.51  best=84.05  pat=2  (1025s)
  epoch  19/30  val_F1=84.58  best=84.58  pat=0  (1082s)
  epoch  20/30  val_F1=84.47  best=84.58  pat=1  (1139s)
  epoch  21/30  val_F1=85.41  best=85.41  pat=0  (1195s)
  epoch  22/30  val_F1=86.14  best=86.14  pat=0  (1252s)
  epoch  23/30  val_F1=87.49  best=87.49  pat=0  (1308s)
  epoch  24/30  val_F1=87.91  best=87.91  pat=0  (1365s)
  epoch  25/30  val_F1=85.99  best=87.91  pat=1  (1422s)
  epoch  26/30  val_F1=87.38  best=87.91  pat=2  (1478s)
  epoch  27/30  val_F1=87.70  best=87.91  pat=3  (1535s)
  epoch  28/30  val_F1=87.28  best=87.91  pat=4  (1592s)
  epoch  29/30  val_F1=87.26  best=87.91  pat=5  (1648s)
  epoch  30/30  val_F1=87.49  best=87.91  pat=6  (1704s)

mobilenetv1_100 fold 2/5 TEST -> f1=86.56 acc=86.56
Guardado en results_freshness_v3/fullmetrics_dnc_mobilenetv1_100_fullfinetune_fold2.csv  (total 1713s)
--- mobilenetv1_100 fold 3 ---
[mobilenetv1_100] fold 3/5  train=5440 val=960 test=1600  class_counts_train=[2720, 2720]  device=mps
Warning: You are sending unauthenticated requests to the HF Hub. Please set a HF_TOKEN to enable higher rate limits and faster downloads.
  epoch   1/30  val_F1=62.60  best=62.60  pat=0  (64s)
  epoch   2/30  val_F1=66.62  best=66.62  pat=0  (121s)
/Users/miguelsumaran/Library/Python/3.9/lib/python/site-packages/torch/optim/lr_scheduler.py:209: UserWarning: The epoch parameter in `scheduler.step()` was not necessary and is being deprecated where possible. Please use `scheduler.step()` to step the scheduler. During the deprecation, if epoch is different from None, the closed form is used instead of the new chainable form, where available. Please open an issue if you are unable to replicate your use case: https://github.com/pytorch/pytorch/issues/new/choose.
  warnings.warn(EPOCH_DEPRECATION_WARNING, UserWarning)
  epoch   3/30  val_F1=66.66  best=66.66  pat=0  (177s)
  epoch   4/30  val_F1=69.48  best=69.48  pat=0  (234s)
  epoch   5/30  val_F1=74.04  best=74.04  pat=0  (290s)
  epoch   6/30  val_F1=75.53  best=75.53  pat=0  (347s)
  epoch   7/30  val_F1=66.38  best=75.53  pat=1  (404s)
  epoch   8/30  val_F1=78.90  best=78.90  pat=0  (460s)
  epoch   9/30  val_F1=77.50  best=78.90  pat=1  (517s)
  epoch  10/30  val_F1=80.17  best=80.17  pat=0  (573s)
  epoch  11/30  val_F1=81.27  best=81.27  pat=0  (630s)
  epoch  12/30  val_F1=82.79  best=82.79  pat=0  (687s)
  epoch  13/30  val_F1=83.18  best=83.18  pat=0  (743s)
  epoch  14/30  val_F1=83.85  best=83.85  pat=0  (800s)
  epoch  15/30  val_F1=84.14  best=84.14  pat=0  (856s)
  epoch  16/30  val_F1=85.82  best=85.82  pat=0  (913s)
  epoch  17/30  val_F1=83.97  best=85.82  pat=1  (970s)
  epoch  18/30  val_F1=86.33  best=86.33  pat=0  (1026s)
  epoch  19/30  val_F1=85.40  best=86.33  pat=1  (1083s)
  epoch  20/30  val_F1=87.08  best=87.08  pat=0  (1140s)
  epoch  21/30  val_F1=88.12  best=88.12  pat=0  (1196s)
  epoch  22/30  val_F1=87.06  best=88.12  pat=1  (1253s)
  epoch  23/30  val_F1=88.85  best=88.85  pat=0  (1309s)
  epoch  24/30  val_F1=86.86  best=88.85  pat=1  (1366s)
  epoch  25/30  val_F1=87.90  best=88.85  pat=2  (1422s)
  epoch  26/30  val_F1=89.17  best=89.17  pat=0  (1479s)
  epoch  27/30  val_F1=89.47  best=89.47  pat=0  (1535s)
  epoch  28/30  val_F1=89.58  best=89.58  pat=0  (1592s)
  epoch  29/30  val_F1=88.85  best=89.58  pat=1  (1649s)
  epoch  30/30  val_F1=89.37  best=89.58  pat=2  (1705s)

mobilenetv1_100 fold 3/5 TEST -> f1=90.44 acc=90.44
Guardado en results_freshness_v3/fullmetrics_dnc_mobilenetv1_100_fullfinetune_fold3.csv  (total 1714s)
--- mobilenetv1_100 fold 4 ---
[mobilenetv1_100] fold 4/5  train=5440 val=960 test=1600  class_counts_train=[2720, 2720]  device=mps
Warning: You are sending unauthenticated requests to the HF Hub. Please set a HF_TOKEN to enable higher rate limits and faster downloads.
  epoch   1/30  val_F1=59.37  best=59.37  pat=0  (64s)
  epoch   2/30  val_F1=68.24  best=68.24  pat=0  (122s)
/Users/miguelsumaran/Library/Python/3.9/lib/python/site-packages/torch/optim/lr_scheduler.py:209: UserWarning: The epoch parameter in `scheduler.step()` was not necessary and is being deprecated where possible. Please use `scheduler.step()` to step the scheduler. During the deprecation, if epoch is different from None, the closed form is used instead of the new chainable form, where available. Please open an issue if you are unable to replicate your use case: https://github.com/pytorch/pytorch/issues/new/choose.
  warnings.warn(EPOCH_DEPRECATION_WARNING, UserWarning)
  epoch   3/30  val_F1=69.24  best=69.24  pat=0  (179s)
  epoch   4/30  val_F1=60.08  best=69.24  pat=1  (235s)
  epoch   5/30  val_F1=74.36  best=74.36  pat=0  (292s)
  epoch   6/30  val_F1=67.20  best=74.36  pat=1  (349s)
  epoch   7/30  val_F1=72.20  best=74.36  pat=2  (405s)
  epoch   8/30  val_F1=71.69  best=74.36  pat=3  (462s)
  epoch   9/30  val_F1=74.60  best=74.60  pat=0  (519s)
  epoch  10/30  val_F1=76.06  best=76.06  pat=0  (576s)
  epoch  11/30  val_F1=78.23  best=78.23  pat=0  (633s)
  epoch  12/30  val_F1=76.67  best=78.23  pat=1  (689s)
  epoch  13/30  val_F1=81.46  best=81.46  pat=0  (746s)
  epoch  14/30  val_F1=83.82  best=83.82  pat=0  (803s)
  epoch  15/30  val_F1=83.42  best=83.82  pat=1  (859s)
  epoch  16/30  val_F1=83.46  best=83.82  pat=2  (916s)
  epoch  17/30  val_F1=83.29  best=83.82  pat=3  (973s)
  epoch  18/30  val_F1=85.00  best=85.00  pat=0  (1029s)
  epoch  19/30  val_F1=83.21  best=85.00  pat=1  (1086s)
  epoch  20/30  val_F1=85.93  best=85.93  pat=0  (1142s)
  epoch  21/30  val_F1=87.81  best=87.81  pat=0  (1199s)
  epoch  22/30  val_F1=87.07  best=87.81  pat=1  (1256s)
  epoch  23/30  val_F1=88.32  best=88.32  pat=0  (1312s)
  epoch  24/30  val_F1=87.08  best=88.32  pat=1  (1369s)
  epoch  25/30  val_F1=88.33  best=88.33  pat=0  (1425s)
  epoch  26/30  val_F1=89.17  best=89.17  pat=0  (1482s)
  epoch  27/30  val_F1=89.48  best=89.48  pat=0  (1539s)
  epoch  28/30  val_F1=90.21  best=90.21  pat=0  (1595s)
  epoch  29/30  val_F1=90.00  best=90.21  pat=1  (1652s)
  epoch  30/30  val_F1=90.21  best=90.21  pat=2  (1708s)

mobilenetv1_100 fold 4/5 TEST -> f1=89.06 acc=89.06
Guardado en results_freshness_v3/fullmetrics_dnc_mobilenetv1_100_fullfinetune_fold4.csv  (total 1717s)
--- mobilenetv1_100 fold 5 ---
[mobilenetv1_100] fold 5/5  train=5440 val=960 test=1600  class_counts_train=[2720, 2720]  device=mps
  epoch   1/30  val_F1=59.67  best=59.67  pat=0  (64s)
  epoch   2/30  val_F1=67.70  best=67.70  pat=0  (120s)
/Users/miguelsumaran/Library/Python/3.9/lib/python/site-packages/torch/optim/lr_scheduler.py:209: UserWarning: The epoch parameter in `scheduler.step()` was not necessary and is being deprecated where possible. Please use `scheduler.step()` to step the scheduler. During the deprecation, if epoch is different from None, the closed form is used instead of the new chainable form, where available. Please open an issue if you are unable to replicate your use case: https://github.com/pytorch/pytorch/issues/new/choose.
  warnings.warn(EPOCH_DEPRECATION_WARNING, UserWarning)
  epoch   3/30  val_F1=76.13  best=76.13  pat=0  (177s)
  epoch   4/30  val_F1=62.40  best=76.13  pat=1  (234s)
  epoch   5/30  val_F1=69.70  best=76.13  pat=2  (291s)
  epoch   6/30  val_F1=64.66  best=76.13  pat=3  (348s)
  epoch   7/30  val_F1=73.99  best=76.13  pat=4  (404s)
  epoch   8/30  val_F1=77.25  best=77.25  pat=0  (461s)
  epoch   9/30  val_F1=70.15  best=77.25  pat=1  (517s)
  epoch  10/30  val_F1=75.21  best=77.25  pat=2  (574s)
  epoch  11/30  val_F1=77.04  best=77.25  pat=3  (630s)
  epoch  12/30  val_F1=80.83  best=80.83  pat=0  (687s)
  epoch  13/30  val_F1=77.57  best=80.83  pat=1  (744s)
  epoch  14/30  val_F1=82.71  best=82.71  pat=0  (800s)
  epoch  15/30  val_F1=81.77  best=82.71  pat=1  (857s)
  epoch  16/30  val_F1=81.14  best=82.71  pat=2  (913s)
  epoch  17/30  val_F1=82.89  best=82.89  pat=0  (970s)
  epoch  18/30  val_F1=84.11  best=84.11  pat=0  (1027s)
  epoch  19/30  val_F1=83.94  best=84.11  pat=1  (1084s)
  epoch  20/30  val_F1=83.18  best=84.11  pat=2  (1140s)
  epoch  21/30  val_F1=86.46  best=86.46  pat=0  (1197s)
  epoch  22/30  val_F1=86.12  best=86.46  pat=1  (1253s)
  epoch  23/30  val_F1=88.02  best=88.02  pat=0  (1310s)
  epoch  24/30  val_F1=87.70  best=88.02  pat=1  (1367s)
  epoch  25/30  val_F1=87.80  best=88.02  pat=2  (1423s)
  epoch  26/30  val_F1=87.26  best=88.02  pat=3  (1480s)
  epoch  27/30  val_F1=87.88  best=88.02  pat=4  (1536s)
  epoch  28/30  val_F1=88.64  best=88.64  pat=0  (1593s)
  epoch  29/30  val_F1=87.89  best=88.64  pat=1  (1649s)
  epoch  30/30  val_F1=88.63  best=88.64  pat=2  (1706s)

mobilenetv1_100 fold 5/5 TEST -> f1=88.43 acc=88.44
Guardado en results_freshness_v3/fullmetrics_dnc_mobilenetv1_100_fullfinetune_fold5.csv  (total 1715s)
--- swin_base_patch4_window7_224 fold 1 ---
[swin_base_patch4_window7_224] fold 1/5  train=5440 val=960 test=1600  class_counts_train=[2720, 2720]  device=mps
Warning: You are sending unauthenticated requests to the HF Hub. Please set a HF_TOKEN to enable higher rate limits and faster downloads.
  epoch   1/30  val_F1=72.47  best=72.47  pat=0  (575s)
  epoch   2/30  val_F1=80.41  best=80.41  pat=0  (1138s)
/Users/miguelsumaran/Library/Python/3.9/lib/python/site-packages/torch/optim/lr_scheduler.py:209: UserWarning: The epoch parameter in `scheduler.step()` was not necessary and is being deprecated where possible. Please use `scheduler.step()` to step the scheduler. During the deprecation, if epoch is different from None, the closed form is used instead of the new chainable form, where available. Please open an issue if you are unable to replicate your use case: https://github.com/pytorch/pytorch/issues/new/choose.
  warnings.warn(EPOCH_DEPRECATION_WARNING, UserWarning)
  epoch   3/30  val_F1=81.59  best=81.59  pat=0  (1701s)
  epoch   4/30  val_F1=84.36  best=84.36  pat=0  (2267s)
  epoch   5/30  val_F1=83.14  best=84.36  pat=1  (2831s)
  epoch   6/30  val_F1=88.12  best=88.12  pat=0  (3395s)
  epoch   7/30  val_F1=87.33  best=88.12  pat=1  (3961s)
  epoch   8/30  val_F1=89.69  best=89.69  pat=0  (4524s)
  epoch   9/30  val_F1=89.68  best=89.69  pat=1  (5087s)
  epoch  10/30  val_F1=91.87  best=91.87  pat=0  (5652s)
  epoch  11/30  val_F1=91.56  best=91.87  pat=1  (6216s)
  epoch  12/30  val_F1=92.60  best=92.60  pat=0  (6779s)
  epoch  13/30  val_F1=92.29  best=92.60  pat=1  (7342s)
  epoch  14/30  val_F1=94.48  best=94.48  pat=0  (7906s)
  epoch  15/30  val_F1=94.48  best=94.48  pat=1  (8469s)
  epoch  16/30  val_F1=94.48  best=94.48  pat=0  (9033s)
  epoch  17/30  val_F1=94.06  best=94.48  pat=1  (9596s)
  epoch  18/30  val_F1=94.90  best=94.90  pat=0  (10160s)
  epoch  19/30  val_F1=95.00  best=95.00  pat=0  (10723s)
  epoch  20/30  val_F1=95.31  best=95.31  pat=0  (11288s)
  epoch  21/30  val_F1=96.04  best=96.04  pat=0  (11851s)
  epoch  22/30  val_F1=95.21  best=96.04  pat=1  (12414s)
  epoch  23/30  val_F1=96.15  best=96.15  pat=0  (12978s)
  epoch  24/30  val_F1=96.25  best=96.25  pat=0  (13542s)
  epoch  25/30  val_F1=95.94  best=96.25  pat=1  (14105s)
  epoch  26/30  val_F1=96.77  best=96.77  pat=0  (14668s)
  epoch  27/30  val_F1=96.46  best=96.77  pat=1  (15232s)
  epoch  28/30  val_F1=96.46  best=96.77  pat=2  (15794s)
  epoch  29/30  val_F1=96.46  best=96.77  pat=3  (16357s)
  epoch  30/30  val_F1=96.56  best=96.77  pat=4  (16921s)

swin_base_patch4_window7_224 fold 1/5 TEST -> f1=96.44 acc=96.44
Guardado en results_freshness_v3/fullmetrics_dnc_swin_base_patch4_window7_224_fullfinetune_fold1.csv  (total 16975s)
--- swin_base_patch4_window7_224 fold 2 ---
[swin_base_patch4_window7_224] fold 2/5  train=5440 val=960 test=1600  class_counts_train=[2720, 2720]  device=mps
Warning: You are sending unauthenticated requests to the HF Hub. Please set a HF_TOKEN to enable higher rate limits and faster downloads.
  epoch   1/30  val_F1=71.43  best=71.43  pat=0  (573s)
  epoch   2/30  val_F1=80.11  best=80.11  pat=0  (1136s)
/Users/miguelsumaran/Library/Python/3.9/lib/python/site-packages/torch/optim/lr_scheduler.py:209: UserWarning: The epoch parameter in `scheduler.step()` was not necessary and is being deprecated where possible. Please use `scheduler.step()` to step the scheduler. During the deprecation, if epoch is different from None, the closed form is used instead of the new chainable form, where available. Please open an issue if you are unable to replicate your use case: https://github.com/pytorch/pytorch/issues/new/choose.
  warnings.warn(EPOCH_DEPRECATION_WARNING, UserWarning)
  epoch   3/30  val_F1=81.56  best=81.56  pat=0  (1699s)
  epoch   4/30  val_F1=84.26  best=84.26  pat=0  (2262s)
  epoch   5/30  val_F1=85.64  best=85.64  pat=0  (2825s)
  epoch   6/30  val_F1=89.04  best=89.04  pat=0  (3388s)
  epoch   7/30  val_F1=88.31  best=89.04  pat=1  (3950s)
  epoch   8/30  val_F1=89.01  best=89.04  pat=2  (4513s)
  epoch   9/30  val_F1=90.62  best=90.62  pat=0  (5076s)
  epoch  10/30  val_F1=86.58  best=90.62  pat=1  (5639s)
  epoch  11/30  val_F1=91.55  best=91.55  pat=0  (6202s)
  epoch  12/30  val_F1=90.09  best=91.55  pat=1  (6765s)
  epoch  13/30  val_F1=90.62  best=91.55  pat=2  (7329s)
  epoch  14/30  val_F1=92.39  best=92.39  pat=0  (7892s)
  epoch  15/30  val_F1=92.91  best=92.91  pat=0  (8456s)
  epoch  16/30  val_F1=94.37  best=94.37  pat=0  (9019s)
  epoch  17/30  val_F1=94.89  best=94.89  pat=0  (9582s)
  epoch  18/30  val_F1=94.26  best=94.89  pat=1  (10146s)
  epoch  19/30  val_F1=94.79  best=94.89  pat=2  (10708s)
  epoch  20/30  val_F1=94.89  best=94.89  pat=3  (11271s)
  epoch  21/30  val_F1=94.27  best=94.89  pat=4  (11834s)
  epoch  22/30  val_F1=94.90  best=94.90  pat=0  (12398s)
  epoch  23/30  val_F1=94.68  best=94.90  pat=1  (12962s)
  epoch  24/30  val_F1=95.10  best=95.10  pat=0  (13526s)
  epoch  25/30  val_F1=94.89  best=95.10  pat=1  (14093s)
  epoch  26/30  val_F1=94.79  best=95.10  pat=2  (14656s)
  epoch  27/30  val_F1=95.00  best=95.10  pat=3  (15220s)
  epoch  28/30  val_F1=95.00  best=95.10  pat=4  (15783s)
  epoch  29/30  val_F1=95.10  best=95.10  pat=5  (16345s)
  epoch  30/30  val_F1=95.10  best=95.10  pat=6  (16909s)

swin_base_patch4_window7_224 fold 2/5 TEST -> f1=94.62 acc=94.62
Guardado en results_freshness_v3/fullmetrics_dnc_swin_base_patch4_window7_224_fullfinetune_fold2.csv  (total 16962s)
--- swin_base_patch4_window7_224 fold 3 ---
[swin_base_patch4_window7_224] fold 3/5  train=5440 val=960 test=1600  class_counts_train=[2720, 2720]  device=mps
Warning: You are sending unauthenticated requests to the HF Hub. Please set a HF_TOKEN to enable higher rate limits and faster downloads.
  epoch   1/30  val_F1=72.28  best=72.28  pat=0  (574s)
  epoch   2/30  val_F1=84.78  best=84.78  pat=0  (1137s)
/Users/miguelsumaran/Library/Python/3.9/lib/python/site-packages/torch/optim/lr_scheduler.py:209: UserWarning: The epoch parameter in `scheduler.step()` was not necessary and is being deprecated where possible. Please use `scheduler.step()` to step the scheduler. During the deprecation, if epoch is different from None, the closed form is used instead of the new chainable form, where available. Please open an issue if you are unable to replicate your use case: https://github.com/pytorch/pytorch/issues/new/choose.
  warnings.warn(EPOCH_DEPRECATION_WARNING, UserWarning)
  epoch   3/30  val_F1=85.73  best=85.73  pat=0  (1700s)
  epoch   4/30  val_F1=88.02  best=88.02  pat=0  (2263s)
  epoch   5/30  val_F1=87.89  best=88.02  pat=1  (2826s)
  epoch   6/30  val_F1=91.45  best=91.45  pat=0  (3389s)
  epoch   7/30  val_F1=91.04  best=91.45  pat=1  (3951s)
  epoch   8/30  val_F1=91.87  best=91.87  pat=0  (4515s)
  epoch   9/30  val_F1=90.92  best=91.87  pat=1  (5077s)
  epoch  10/30  val_F1=93.22  best=93.22  pat=0  (5640s)
  epoch  11/30  val_F1=94.48  best=94.48  pat=0  (6204s)
  epoch  12/30  val_F1=93.02  best=94.48  pat=1  (6766s)
  epoch  13/30  val_F1=95.10  best=95.10  pat=0  (7329s)
  epoch  14/30  val_F1=93.54  best=95.10  pat=1  (7893s)
  epoch  15/30  val_F1=95.00  best=95.10  pat=2  (8456s)
  epoch  16/30  val_F1=93.96  best=95.10  pat=3  (9019s)
  epoch  17/30  val_F1=95.83  best=95.83  pat=0  (9582s)
  epoch  18/30  val_F1=95.62  best=95.83  pat=1  (10145s)
  epoch  19/30  val_F1=95.83  best=95.83  pat=0  (10708s)
  epoch  20/30  val_F1=95.94  best=95.94  pat=0  (11273s)
  epoch  21/30  val_F1=95.52  best=95.94  pat=1  (11836s)
  epoch  22/30  val_F1=95.10  best=95.94  pat=2  (12399s)
  epoch  23/30  val_F1=95.94  best=95.94  pat=3  (12963s)
  epoch  24/30  val_F1=96.46  best=96.46  pat=0  (13526s)
  epoch  25/30  val_F1=96.25  best=96.46  pat=1  (14089s)
  epoch  26/30  val_F1=95.94  best=96.46  pat=2  (14653s)
  epoch  27/30  val_F1=96.46  best=96.46  pat=0  (15216s)
  epoch  28/30  val_F1=96.35  best=96.46  pat=1  (15779s)
  epoch  29/30  val_F1=96.56  best=96.56  pat=0  (16343s)
  epoch  30/30  val_F1=96.46  best=96.56  pat=1  (16901s)

swin_base_patch4_window7_224 fold 3/5 TEST -> f1=95.94 acc=95.94
Guardado en results_freshness_v3/fullmetrics_dnc_swin_base_patch4_window7_224_fullfinetune_fold3.csv  (total 16953s)
--- swin_base_patch4_window7_224 fold 4 ---
[swin_base_patch4_window7_224] fold 4/5  train=5440 val=960 test=1600  class_counts_train=[2720, 2720]  device=mps
  epoch   1/30  val_F1=70.66  best=70.66  pat=0  (563s)
  epoch   2/30  val_F1=81.35  best=81.35  pat=0  (1116s)
/Users/miguelsumaran/Library/Python/3.9/lib/python/site-packages/torch/optim/lr_scheduler.py:209: UserWarning: The epoch parameter in `scheduler.step()` was not necessary and is being deprecated where possible. Please use `scheduler.step()` to step the scheduler. During the deprecation, if epoch is different from None, the closed form is used instead of the new chainable form, where available. Please open an issue if you are unable to replicate your use case: https://github.com/pytorch/pytorch/issues/new/choose.
  warnings.warn(EPOCH_DEPRECATION_WARNING, UserWarning)
  epoch   3/30  val_F1=83.90  best=83.90  pat=0  (1669s)
  epoch   4/30  val_F1=82.49  best=83.90  pat=1  (2222s)
  epoch   5/30  val_F1=88.22  best=88.22  pat=0  (2775s)
  epoch   6/30  val_F1=88.39  best=88.39  pat=0  (3328s)
  epoch   7/30  val_F1=90.31  best=90.31  pat=0  (3881s)
  epoch   8/30  val_F1=91.34  best=91.34  pat=0  (4435s)
  epoch   9/30  val_F1=91.22  best=91.34  pat=1  (4988s)
  epoch  10/30  val_F1=92.50  best=92.50  pat=0  (5541s)
  epoch  11/30  val_F1=93.33  best=93.33  pat=0  (6094s)
  epoch  12/30  val_F1=91.76  best=93.33  pat=1  (6646s)
  epoch  13/30  val_F1=91.95  best=93.33  pat=2  (7199s)
  epoch  14/30  val_F1=94.58  best=94.58  pat=0  (7752s)
  epoch  15/30  val_F1=96.67  best=96.67  pat=0  (8305s)
  epoch  16/30  val_F1=94.68  best=96.67  pat=1  (8858s)
  epoch  17/30  val_F1=95.83  best=96.67  pat=2  (9410s)
  epoch  18/30  val_F1=97.08  best=97.08  pat=0  (9963s)
  epoch  19/30  val_F1=95.83  best=97.08  pat=1  (10516s)
  epoch  20/30  val_F1=95.62  best=97.08  pat=2  (11069s)
  epoch  21/30  val_F1=96.87  best=97.08  pat=3  (11621s)
  epoch  22/30  val_F1=96.15  best=97.08  pat=4  (12174s)
  epoch  23/30  val_F1=97.08  best=97.08  pat=5  (12727s)
  epoch  24/30  val_F1=96.56  best=97.08  pat=6  (13279s)
  epoch  25/30  val_F1=96.67  best=97.08  pat=7  (13831s)
  Early stop at epoch 25

swin_base_patch4_window7_224 fold 4/5 TEST -> f1=94.81 acc=94.81
Guardado en results_freshness_v3/fullmetrics_dnc_swin_base_patch4_window7_224_fullfinetune_fold4.csv  (total 13883s)
--- swin_base_patch4_window7_224 fold 5 ---
[swin_base_patch4_window7_224] fold 5/5  train=5440 val=960 test=1600  class_counts_train=[2720, 2720]  device=mps
Warning: You are sending unauthenticated requests to the HF Hub. Please set a HF_TOKEN to enable higher rate limits and faster downloads.
  epoch   1/30  val_F1=70.94  best=70.94  pat=0  (563s)
  epoch   2/30  val_F1=81.62  best=81.62  pat=0  (1116s)
/Users/miguelsumaran/Library/Python/3.9/lib/python/site-packages/torch/optim/lr_scheduler.py:209: UserWarning: The epoch parameter in `scheduler.step()` was not necessary and is being deprecated where possible. Please use `scheduler.step()` to step the scheduler. During the deprecation, if epoch is different from None, the closed form is used instead of the new chainable form, where available. Please open an issue if you are unable to replicate your use case: https://github.com/pytorch/pytorch/issues/new/choose.
  warnings.warn(EPOCH_DEPRECATION_WARNING, UserWarning)
  epoch   3/30  val_F1=81.91  best=81.91  pat=0  (1669s)
  epoch   4/30  val_F1=86.35  best=86.35  pat=0  (2222s)
  epoch   5/30  val_F1=83.09  best=86.35  pat=1  (2775s)
  epoch   6/30  val_F1=86.87  best=86.87  pat=0  (3327s)
  epoch   7/30  val_F1=88.17  best=88.17  pat=0  (3880s)
  epoch   8/30  val_F1=88.95  best=88.95  pat=0  (4433s)
  epoch   9/30  val_F1=92.19  best=92.19  pat=0  (4986s)
  epoch  10/30  val_F1=92.81  best=92.81  pat=0  (5539s)
  epoch  11/30  val_F1=92.91  best=92.91  pat=0  (6093s)
  epoch  12/30  val_F1=93.75  best=93.75  pat=0  (6646s)
  epoch  13/30  val_F1=93.74  best=93.75  pat=1  (7199s)
  epoch  14/30  val_F1=94.17  best=94.17  pat=0  (7751s)
  epoch  15/30  val_F1=94.58  best=94.58  pat=0  (8304s)
  epoch  16/30  val_F1=94.90  best=94.90  pat=0  (8857s)
  epoch  17/30  val_F1=94.48  best=94.90  pat=1  (9410s)
  epoch  18/30  val_F1=94.48  best=94.90  pat=2  (9962s)
  epoch  19/30  val_F1=95.21  best=95.21  pat=0  (10516s)
  epoch  20/30  val_F1=94.37  best=95.21  pat=1  (11073s)
  epoch  21/30  val_F1=95.83  best=95.83  pat=0  (11632s)
  epoch  22/30  val_F1=95.21  best=95.83  pat=1  (12195s)
  epoch  23/30  val_F1=95.94  best=95.94  pat=0  (12760s)
  epoch  24/30  val_F1=95.62  best=95.94  pat=1  (13323s)
  epoch  25/30  val_F1=95.73  best=95.94  pat=2  (13885s)
  epoch  26/30  val_F1=95.83  best=95.94  pat=3  (14448s)
  epoch  27/30  val_F1=95.94  best=95.94  pat=0  (15011s)
  epoch  28/30  val_F1=95.83  best=95.94  pat=1  (15574s)
  epoch  29/30  val_F1=95.94  best=95.94  pat=2  (16138s)
  epoch  30/30  val_F1=95.83  best=95.94  pat=3  (16701s)

swin_base_patch4_window7_224 fold 5/5 TEST -> f1=96.00 acc=96.00
Guardado en results_freshness_v3/fullmetrics_dnc_swin_base_patch4_window7_224_fullfinetune_fold5.csv  (total 16754s)
--- vit_small_patch14_dinov2 fold 1 ---
[vit_small_patch14_dinov2] fold 1/5  train=5440 val=960 test=1600  class_counts_train=[2720, 2720]  device=mps
  epoch   1/30  val_F1=77.63  best=77.63  pat=0  (199s)
  epoch   2/30  val_F1=78.57  best=78.57  pat=0  (389s)
/Users/miguelsumaran/Library/Python/3.9/lib/python/site-packages/torch/optim/lr_scheduler.py:209: UserWarning: The epoch parameter in `scheduler.step()` was not necessary and is being deprecated where possible. Please use `scheduler.step()` to step the scheduler. During the deprecation, if epoch is different from None, the closed form is used instead of the new chainable form, where available. Please open an issue if you are unable to replicate your use case: https://github.com/pytorch/pytorch/issues/new/choose.
  warnings.warn(EPOCH_DEPRECATION_WARNING, UserWarning)
  epoch   3/30  val_F1=83.31  best=83.31  pat=0  (580s)
  epoch   4/30  val_F1=80.16  best=83.31  pat=1  (771s)
  epoch   5/30  val_F1=75.72  best=83.31  pat=2  (961s)
  epoch   6/30  val_F1=85.29  best=85.29  pat=0  (1153s)
  epoch   7/30  val_F1=84.85  best=85.29  pat=1  (1344s)
  epoch   8/30  val_F1=86.66  best=86.66  pat=0  (1535s)
  epoch   9/30  val_F1=87.60  best=87.60  pat=0  (1726s)
  epoch  10/30  val_F1=89.58  best=89.58  pat=0  (1917s)
  epoch  11/30  val_F1=88.23  best=89.58  pat=1  (2108s)
  epoch  12/30  val_F1=88.85  best=89.58  pat=2  (2298s)
  epoch  13/30  val_F1=89.17  best=89.58  pat=3  (2489s)
  epoch  14/30  val_F1=90.82  best=90.82  pat=0  (2680s)
  epoch  15/30  val_F1=92.71  best=92.71  pat=0  (2871s)
  epoch  16/30  val_F1=91.87  best=92.71  pat=1  (3062s)
  epoch  17/30  val_F1=92.19  best=92.71  pat=2  (3253s)
  epoch  18/30  val_F1=92.08  best=92.71  pat=3  (3444s)
  epoch  19/30  val_F1=91.11  best=92.71  pat=4  (3634s)
  epoch  20/30  val_F1=94.37  best=94.37  pat=0  (3825s)
  epoch  21/30  val_F1=92.29  best=94.37  pat=1  (4016s)
  epoch  22/30  val_F1=94.37  best=94.37  pat=2  (4206s)
  epoch  23/30  val_F1=94.58  best=94.58  pat=0  (4397s)
  epoch  24/30  val_F1=94.69  best=94.69  pat=0  (4588s)
  epoch  25/30  val_F1=94.17  best=94.69  pat=1  (4779s)
  epoch  26/30  val_F1=95.21  best=95.21  pat=0  (4970s)
  epoch  27/30  val_F1=94.17  best=95.21  pat=1  (5161s)
  epoch  28/30  val_F1=94.69  best=95.21  pat=2  (5352s)
  epoch  29/30  val_F1=95.00  best=95.21  pat=3  (5543s)
  epoch  30/30  val_F1=94.90  best=95.21  pat=4  (5733s)

vit_small_patch14_dinov2 fold 1/5 TEST -> f1=96.69 acc=96.69
Guardado en results_freshness_v3/fullmetrics_dnc_vit_small_patch14_dinov2_fullfinetune_fold1.csv  (total 5754s)
--- vit_small_patch14_dinov2 fold 2 ---
[vit_small_patch14_dinov2] fold 2/5  train=5440 val=960 test=1600  class_counts_train=[2720, 2720]  device=mps
Warning: You are sending unauthenticated requests to the HF Hub. Please set a HF_TOKEN to enable higher rate limits and faster downloads.
  epoch   1/30  val_F1=72.17  best=72.17  pat=0  (199s)
  epoch   2/30  val_F1=70.48  best=72.17  pat=1  (389s)
/Users/miguelsumaran/Library/Python/3.9/lib/python/site-packages/torch/optim/lr_scheduler.py:209: UserWarning: The epoch parameter in `scheduler.step()` was not necessary and is being deprecated where possible. Please use `scheduler.step()` to step the scheduler. During the deprecation, if epoch is different from None, the closed form is used instead of the new chainable form, where available. Please open an issue if you are unable to replicate your use case: https://github.com/pytorch/pytorch/issues/new/choose.
  warnings.warn(EPOCH_DEPRECATION_WARNING, UserWarning)
  epoch   3/30  val_F1=77.86  best=77.86  pat=0  (580s)
  epoch   4/30  val_F1=79.58  best=79.58  pat=0  (771s)
  epoch   5/30  val_F1=76.56  best=79.58  pat=1  (962s)
  epoch   6/30  val_F1=83.96  best=83.96  pat=0  (1153s)
  epoch   7/30  val_F1=83.84  best=83.96  pat=1  (1344s)
  epoch   8/30  val_F1=80.64  best=83.96  pat=2  (1535s)
  epoch   9/30  val_F1=85.56  best=85.56  pat=0  (1726s)
  epoch  10/30  val_F1=86.29  best=86.29  pat=0  (1917s)
  epoch  11/30  val_F1=89.47  best=89.47  pat=0  (2108s)
  epoch  12/30  val_F1=86.36  best=89.47  pat=1  (2298s)
  epoch  13/30  val_F1=92.19  best=92.19  pat=0  (2489s)
  epoch  14/30  val_F1=91.66  best=92.19  pat=1  (2681s)
  epoch  15/30  val_F1=92.29  best=92.29  pat=0  (2872s)
  epoch  16/30  val_F1=91.56  best=92.29  pat=1  (3063s)
  epoch  17/30  val_F1=92.70  best=92.70  pat=0  (3254s)
  epoch  18/30  val_F1=92.70  best=92.70  pat=0  (3444s)
  epoch  19/30  val_F1=94.17  best=94.17  pat=0  (3635s)
  epoch  20/30  val_F1=94.27  best=94.27  pat=0  (3826s)
  epoch  21/30  val_F1=94.58  best=94.58  pat=0  (4017s)
  epoch  22/30  val_F1=92.70  best=94.58  pat=1  (4208s)
  epoch  23/30  val_F1=95.94  best=95.94  pat=0  (4399s)
  epoch  24/30  val_F1=94.37  best=95.94  pat=1  (4590s)
  epoch  25/30  val_F1=94.17  best=95.94  pat=2  (4781s)
  epoch  26/30  val_F1=95.10  best=95.94  pat=3  (4971s)
  epoch  27/30  val_F1=95.21  best=95.94  pat=4  (5162s)
  epoch  28/30  val_F1=95.00  best=95.94  pat=5  (5353s)
  epoch  29/30  val_F1=95.21  best=95.94  pat=6  (5543s)
  epoch  30/30  val_F1=95.10  best=95.94  pat=7  (5734s)
  Early stop at epoch 30

vit_small_patch14_dinov2 fold 2/5 TEST -> f1=94.94 acc=94.94
Guardado en results_freshness_v3/fullmetrics_dnc_vit_small_patch14_dinov2_fullfinetune_fold2.csv  (total 5755s)
--- vit_small_patch14_dinov2 fold 3 ---
[vit_small_patch14_dinov2] fold 3/5  train=5440 val=960 test=1600  class_counts_train=[2720, 2720]  device=mps
  epoch   1/30  val_F1=80.04  best=80.04  pat=0  (199s)
  epoch   2/30  val_F1=78.83  best=80.04  pat=1  (390s)
/Users/miguelsumaran/Library/Python/3.9/lib/python/site-packages/torch/optim/lr_scheduler.py:209: UserWarning: The epoch parameter in `scheduler.step()` was not necessary and is being deprecated where possible. Please use `scheduler.step()` to step the scheduler. During the deprecation, if epoch is different from None, the closed form is used instead of the new chainable form, where available. Please open an issue if you are unable to replicate your use case: https://github.com/pytorch/pytorch/issues/new/choose.
  warnings.warn(EPOCH_DEPRECATION_WARNING, UserWarning)
  epoch   3/30  val_F1=80.94  best=80.94  pat=0  (580s)
  epoch   4/30  val_F1=81.74  best=81.74  pat=0  (772s)
  epoch   5/30  val_F1=82.26  best=82.26  pat=0  (962s)
  epoch   6/30  val_F1=85.36  best=85.36  pat=0  (1153s)
  epoch   7/30  val_F1=84.08  best=85.36  pat=1  (1344s)
  epoch   8/30  val_F1=81.50  best=85.36  pat=2  (1534s)
  epoch   9/30  val_F1=85.40  best=85.40  pat=0  (1725s)
  epoch  10/30  val_F1=89.97  best=89.97  pat=0  (1916s)
  epoch  11/30  val_F1=86.41  best=89.97  pat=1  (2106s)
  epoch  12/30  val_F1=90.31  best=90.31  pat=0  (2297s)
  epoch  13/30  val_F1=88.61  best=90.31  pat=1  (2488s)
  epoch  14/30  val_F1=89.77  best=90.31  pat=2  (2679s)
  epoch  15/30  val_F1=91.77  best=91.77  pat=0  (2870s)
  epoch  16/30  val_F1=90.50  best=91.77  pat=1  (3060s)
  epoch  17/30  val_F1=88.41  best=91.77  pat=2  (3251s)
  epoch  18/30  val_F1=91.46  best=91.77  pat=3  (3441s)
  epoch  19/30  val_F1=91.35  best=91.77  pat=4  (3632s)
  epoch  20/30  val_F1=92.80  best=92.80  pat=0  (3823s)
  epoch  21/30  val_F1=94.58  best=94.58  pat=0  (4014s)
  epoch  22/30  val_F1=94.37  best=94.58  pat=1  (4205s)
  epoch  23/30  val_F1=94.17  best=94.58  pat=2  (4395s)
  epoch  24/30  val_F1=94.48  best=94.58  pat=3  (4586s)
  epoch  25/30  val_F1=94.58  best=94.58  pat=0  (4777s)
  epoch  26/30  val_F1=94.27  best=94.58  pat=1  (4968s)
  epoch  27/30  val_F1=94.58  best=94.58  pat=0  (5159s)
  epoch  28/30  val_F1=94.69  best=94.69  pat=0  (5349s)
  epoch  29/30  val_F1=95.00  best=95.00  pat=0  (5540s)
  epoch  30/30  val_F1=94.90  best=95.00  pat=1  (5731s)

vit_small_patch14_dinov2 fold 3/5 TEST -> f1=95.50 acc=95.50
Guardado en results_freshness_v3/fullmetrics_dnc_vit_small_patch14_dinov2_fullfinetune_fold3.csv  (total 5752s)
--- vit_small_patch14_dinov2 fold 4 ---
[vit_small_patch14_dinov2] fold 4/5  train=5440 val=960 test=1600  class_counts_train=[2720, 2720]  device=mps
Warning: You are sending unauthenticated requests to the HF Hub. Please set a HF_TOKEN to enable higher rate limits and faster downloads.
  epoch   1/30  val_F1=73.94  best=73.94  pat=0  (198s)
  epoch   2/30  val_F1=79.58  best=79.58  pat=0  (389s)
/Users/miguelsumaran/Library/Python/3.9/lib/python/site-packages/torch/optim/lr_scheduler.py:209: UserWarning: The epoch parameter in `scheduler.step()` was not necessary and is being deprecated where possible. Please use `scheduler.step()` to step the scheduler. During the deprecation, if epoch is different from None, the closed form is used instead of the new chainable form, where available. Please open an issue if you are unable to replicate your use case: https://github.com/pytorch/pytorch/issues/new/choose.
  warnings.warn(EPOCH_DEPRECATION_WARNING, UserWarning)
  epoch   3/30  val_F1=81.60  best=81.60  pat=0  (580s)
  epoch   4/30  val_F1=81.63  best=81.63  pat=0  (771s)
  epoch   5/30  val_F1=81.08  best=81.63  pat=1  (962s)
  epoch   6/30  val_F1=84.99  best=84.99  pat=0  (1153s)
  epoch   7/30  val_F1=88.43  best=88.43  pat=0  (1343s)
  epoch   8/30  val_F1=84.97  best=88.43  pat=1  (1534s)
  epoch   9/30  val_F1=81.71  best=88.43  pat=2  (1725s)
  epoch  10/30  val_F1=90.10  best=90.10  pat=0  (1916s)
  epoch  11/30  val_F1=85.96  best=90.10  pat=1  (2107s)
  epoch  12/30  val_F1=91.14  best=91.14  pat=0  (2298s)
  epoch  13/30  val_F1=92.29  best=92.29  pat=0  (2489s)
  epoch  14/30  val_F1=92.08  best=92.29  pat=1  (2680s)
  epoch  15/30  val_F1=91.95  best=92.29  pat=2  (2870s)
  epoch  16/30  val_F1=93.65  best=93.65  pat=0  (3061s)
  epoch  17/30  val_F1=93.64  best=93.65  pat=1  (3252s)
  epoch  18/30  val_F1=93.12  best=93.65  pat=2  (3443s)
  epoch  19/30  val_F1=93.75  best=93.75  pat=0  (3634s)
  epoch  20/30  val_F1=93.44  best=93.75  pat=1  (3824s)
  epoch  21/30  val_F1=93.75  best=93.75  pat=0  (4015s)
  epoch  22/30  val_F1=94.27  best=94.27  pat=0  (4206s)
  epoch  23/30  val_F1=94.90  best=94.90  pat=0  (4397s)
  epoch  24/30  val_F1=95.31  best=95.31  pat=0  (4588s)
  epoch  25/30  val_F1=95.94  best=95.94  pat=0  (4779s)
  epoch  26/30  val_F1=96.25  best=96.25  pat=0  (4970s)
  epoch  27/30  val_F1=96.25  best=96.25  pat=1  (5160s)
  epoch  28/30  val_F1=96.04  best=96.25  pat=2  (5351s)
  epoch  29/30  val_F1=96.15  best=96.25  pat=3  (5542s)
  epoch  30/30  val_F1=96.25  best=96.25  pat=0  (5732s)

vit_small_patch14_dinov2 fold 4/5 TEST -> f1=95.19 acc=95.19
Guardado en results_freshness_v3/fullmetrics_dnc_vit_small_patch14_dinov2_fullfinetune_fold4.csv  (total 5753s)
--- vit_small_patch14_dinov2 fold 5 ---
[vit_small_patch14_dinov2] fold 5/5  train=5440 val=960 test=1600  class_counts_train=[2720, 2720]  device=mps
Warning: You are sending unauthenticated requests to the HF Hub. Please set a HF_TOKEN to enable higher rate limits and faster downloads.
  epoch   1/30  val_F1=76.17  best=76.17  pat=0  (198s)
  epoch   2/30  val_F1=72.57  best=76.17  pat=1  (389s)
/Users/miguelsumaran/Library/Python/3.9/lib/python/site-packages/torch/optim/lr_scheduler.py:209: UserWarning: The epoch parameter in `scheduler.step()` was not necessary and is being deprecated where possible. Please use `scheduler.step()` to step the scheduler. During the deprecation, if epoch is different from None, the closed form is used instead of the new chainable form, where available. Please open an issue if you are unable to replicate your use case: https://github.com/pytorch/pytorch/issues/new/choose.
  warnings.warn(EPOCH_DEPRECATION_WARNING, UserWarning)
  epoch   3/30  val_F1=81.87  best=81.87  pat=0  (580s)
  epoch   4/30  val_F1=76.50  best=81.87  pat=1  (771s)
  epoch   5/30  val_F1=85.83  best=85.83  pat=0  (962s)
  epoch   6/30  val_F1=85.38  best=85.83  pat=1  (1152s)
  epoch   7/30  val_F1=87.18  best=87.18  pat=0  (1343s)
  epoch   8/30  val_F1=81.92  best=87.18  pat=1  (1533s)
  epoch   9/30  val_F1=85.92  best=87.18  pat=2  (1724s)
  epoch  10/30  val_F1=88.28  best=88.28  pat=0  (1914s)
  epoch  11/30  val_F1=89.17  best=89.17  pat=0  (2105s)
  epoch  12/30  val_F1=87.52  best=89.17  pat=1  (2296s)
  epoch  13/30  val_F1=90.61  best=90.61  pat=0  (2487s)
  epoch  14/30  val_F1=90.19  best=90.61  pat=1  (2677s)
  epoch  15/30  val_F1=89.73  best=90.61  pat=2  (2868s)
  epoch  16/30  val_F1=91.04  best=91.04  pat=0  (3058s)
  epoch  17/30  val_F1=91.35  best=91.35  pat=0  (3249s)
  epoch  18/30  val_F1=93.02  best=93.02  pat=0  (3440s)
  epoch  19/30  val_F1=93.33  best=93.33  pat=0  (3631s)
  epoch  20/30  val_F1=93.44  best=93.44  pat=0  (3822s)
  epoch  21/30  val_F1=93.02  best=93.44  pat=1  (4012s)
  epoch  22/30  val_F1=94.48  best=94.48  pat=0  (4203s)
  epoch  23/30  val_F1=95.10  best=95.10  pat=0  (4394s)
  epoch  24/30  val_F1=94.69  best=95.10  pat=1  (4585s)
  epoch  25/30  val_F1=95.00  best=95.10  pat=2  (4775s)
  epoch  26/30  val_F1=94.79  best=95.10  pat=3  (4966s)
  epoch  27/30  val_F1=94.58  best=95.10  pat=4  (5157s)
  epoch  28/30  val_F1=95.21  best=95.21  pat=0  (5348s)
  epoch  29/30  val_F1=95.21  best=95.21  pat=1  (5538s)
  epoch  30/30  val_F1=95.21  best=95.21  pat=2  (5729s)

vit_small_patch14_dinov2 fold 5/5 TEST -> f1=94.87 acc=94.87
Guardado en results_freshness_v3/fullmetrics_dnc_vit_small_patch14_dinov2_fullfinetune_fold5.csv  (total 5750s)
=== FIN DNC 5-FOLD Sat Aug 29 02:48:43 -05 2026 ===
